{"type":"FeatureCollection","features":[{"type":"Feature","geometry":{"type":"Polygon","coordinates":[[[-70.8389,43.2445],[-70.9879,43.3899],[-70.9506,43.5513],[-70.9728,43.5705],[-71.0839,45.3055],[-71.1476,45.2394],[-71.2306,45.2494],[-71.2842,45.3024],[-71.3841,45.2335],[-71.4428,45.2383],[-71.3973,45.2035],[-71.4284,45.1237],[-71.5064,45.0485],[-71.5011,45.0133],[-71.4651,45.0129],[-71.5415,44.9848],[-71.4949,44.9043],[-71.632,44.7521],[-71.5349,44.5879],[-71.597,44.5595],[-71.577,44.5021],[-71.7026,44.4135],[-71.7945,44.399],[-71.8147,44.3545],[-72.0293,44.3223],[-72.0679,44.2734],[-72.0317,44.079],[-72.1169,43.9945],[-72.0909,43.9658],[-72.1846,43.8641],[-72.2052,43.7709],[-72.2996,43.7063],[-72.3283,43.6011],[-72.3802,43.5734],[-72.416,43.3772],[-72.3953,43.3127],[-72.4574,43.1475],[-72.4325,43.1189],[-72.4678,43.0527],[-72.4433,43.0076],[-72.5338,42.9526],[-72.5571,42.8529],[-72.5155,42.7656],[-72.4584,42.7269],[-71.2946,42.697],[-71.2454,42.7425],[-71.1818,42.7373],[-71.1666,42.8089],[-71.0644,42.8063],[-71.0312,42.8591],[-70.9146,42.8866],[-70.8477,42.8609],[-70.735,42.8747],[-70.6944,42.9568],[-70.6551,42.9221],[-70.5751,42.9171],[-70.7063,43.0753],[-70.8271,43.1274],[-70.8095,43.2252],[-70.8389,43.2445]]]},"properties":{"GEOID":"33","STUSAB":"NH","NAME":"New Hampshire"}},{"type":"Feature","geometry":{"type":"MultiPolygon","coordinates":[[[[-119.9999,41.184],[-119.9992,41.9949],[-124.3288,41.9983],[-124.2886,41.9696],[-124.285,41.8595],[-124.4012,41.8856],[-124.4389,41.8245],[-124.2117,41.6812],[-124.1332,41.4323],[-124.14,41.3818],[-124.2065,41.3847],[-124.2424,41.3433],[-124.22,41.303],[-124.1607,41.2893],[-124.1955,41.1846],[-124.2525,41.1341],[-124.1827,41.0013],[-124.1976,40.9505],[-124.4034,40.6132],[-124.4805,40.4285],[-124.4281,40.3618],[-124.411,40.2253],[-124.1538,40.0635],[-124.1333,39.9999],[-123.901,39.7805],[-123.8346,39.5492],[-123.8751,39.4942],[-123.8949,39.3483],[-123.762,39.0411],[-123.8099,38.9612],[-123.7847,38.8937],[-123.5106,38.6809],[-123.3609,38.5102],[-123.1648,38.3883],[-123.1345,38.2963],[-123.0148,38.1491],[-123.0851,38.0084],[-123.068,37.9587],[-122.9532,37.9411],[-122.8893,37.9741],[-122.7668,37.8658],[-122.5882,37.7894],[-122.575,37.4999],[-122.467,37.3499],[-122.4641,37.1778],[-122.3761,37.0656],[-122.0764,36.9102],[-122.0011,36.6477],[-122.044,36.5782],[-121.9577,36.2851],[-121.7278,36.129],[-121.6318,35.9789],[-121.5615,35.9438],[-121.501,35.8427],[-121.3935,35.7634],[-121.3235,35.625],[-121.2016,35.5837],[-121.0416,35.42],[-120.9333,35.3927],[-120.9613,35.25],[-120.9178,35.1874],[-120.8004,35.1166],[-120.6896,35.0988],[-120.7344,34.9015],[-120.6733,34.8386],[-120.7021,34.7483],[-120.6647,34.6963],[-120.7133,34.575],[-120.6822,34.5253],[-120.5594,34.4885],[-120.5236,34.4195],[-120.456,34.3915],[-120.1473,34.4229],[-119.7161,34.3361],[-119.5848,34.3617],[-119.3349,34.2369],[-119.218,34.0625],[-119.159,34.0403],[-118.8148,33.9472],[-118.5574,33.9877],[-118.4473,33.8488],[-118.4845,33.8032],[-118.467,33.7255],[-118.3191,33.6595],[-118.1259,33.6972],[-117.4679,33.2125],[-117.3759,33.0752],[-117.3233,32.9031],[-117.342,32.8404],[-117.3092,32.6564],[-117.2233,32.6212],[-117.2051,32.5295],[-114.7195,32.7187],[-114.7016,32.7456],[-114.6174,32.7283],[-114.5269,32.7571],[-114.5296,32.7955],[-114.469,32.8452],[-114.4686,32.9716],[-114.5201,33.03],[-114.6651,33.0339],[-114.7065,33.0882],[-114.6721,33.2585],[-114.7312,33.3024],[-114.698,33.3524],[-114.7253,33.405],[-114.6433,33.4167],[-114.5242,33.5531],[-114.5315,33.6751],[-114.4942,33.7079],[-114.528,33.815],[-114.5079,33.9038],[-114.5357,33.9336],[-114.4383,34.0226],[-114.4342,34.0874],[-114.1312,34.2627],[-114.1769,34.3493],[-114.3867,34.4579],[-114.3808,34.5297],[-114.4368,34.5961],[-114.4705,34.7114],[-114.6344,34.8729],[-114.6335,35.0019],[-117.5001,37.2204],[-120.001,38.9996],[-119.9999,41.184]]],[[[-123.1738,37.7757],[-123.0407,37.6503],[-122.9867,37.6418],[-122.9414,37.6766],[-122.95,37.7322],[-123.0705,37.8138],[-123.1323,37.8197],[-123.1738,37.7757]]],[[[-119.1172,33.5056],[-119.0719,33.4138],[-118.9887,33.4234],[-118.9638,33.4668],[-119.0009,33.5359],[-119.1172,33.5056]]],[[[-118.6682,33.4859],[-118.4867,33.2769],[-118.328,33.2481],[-118.2491,33.2841],[-118.2577,33.3641],[-118.3594,33.4649],[-118.5294,33.5312],[-118.6259,33.529],[-118.6682,33.4859]]],[[[-118.6782,33.0397],[-118.5532,32.8288],[-118.4647,32.7602],[-118.4083,32.7519],[-118.2958,32.7983],[-118.2972,32.8451],[-118.5421,33.0738],[-118.6326,33.0845],[-118.6782,33.0397]]],[[[-119.4923,33.9832],[-119.3805,33.9536],[-119.3116,33.98],[-119.2944,34.0275],[-119.3425,34.069],[-119.4678,34.0629],[-119.5574,34.1086],[-119.6549,34.0712],[-119.751,34.1126],[-119.9288,34.1299],[-119.9916,34.0649],[-120.0452,34.0906],[-120.2528,34.058],[-120.3552,34.145],[-120.4188,34.1606],[-120.4717,34.1341],[-120.5381,34.1503],[-120.5823,34.1075],[-120.4882,33.9843],[-120.299,33.9685],[-120.2211,33.8842],[-120.126,33.8423],[-119.9392,33.8986],[-119.9048,33.9397],[-119.8344,33.9008],[-119.7075,33.9104],[-119.4923,33.9832]]],[[[-119.6361,33.2807],[-119.6053,33.2069],[-119.512,33.1678],[-119.3945,33.1808],[-119.3607,33.2215],[-119.3797,33.2676],[-119.5191,33.3337],[-119.5992,33.3233],[-119.6361,33.2807]]]]},"properties":{"GEOID":"06","STUSAB":"CA","NAME":"California"}},{"type":"Feature","geometry":{"type":"Polygon","coordinates":[[[-74.4649,39.2982],[-74.3688,39.3207],[-74.2873,39.3983],[-74.0382,39.7501],[-73.9653,40.113],[-73.8908,40.3107],[-73.8884,40.484],[-73.9779,40.5191],[-74.2253,40.4766],[-74.2581,40.5087],[-74.1914,40.642],[-74.0557,40.6515],[-73.8936,40.9972],[-74.6956,41.3576],[-74.7956,41.3203],[-74.8834,41.1796],[-74.982,41.1085],[-74.9691,41.0868],[-75.1311,40.9905],[-75.051,40.8657],[-75.0958,40.8471],[-75.1085,40.7911],[-75.1965,40.7516],[-75.2039,40.6915],[-75.1768,40.6757],[-75.1941,40.5761],[-75.0681,40.5415],[-75.0586,40.4182],[-74.9666,40.3982],[-74.9397,40.338],[-74.7226,40.1491],[-74.8225,40.1268],[-75.1291,39.9607],[-75.1423,39.8852],[-75.3418,39.8461],[-75.4507,39.7751],[-75.5588,39.63],[-75.512,39.5673],[-75.5605,39.4556],[-75.321,39.2514],[-75.0151,38.7887],[-74.7334,38.9677],[-74.6246,39.1436],[-74.4649,39.2982]],[[-74.0472,40.6908],[-74.0439,40.6902],[-74.0436,40.6888],[-74.0472,40.6908]],[[-74.0407,40.7001],[-74.0384,40.6987],[-74.0399,40.6986],[-74.0407,40.7001]]]},"properties":{"GEOID":"34","STUSAB":"NJ","NAME":"New Jersey"}},{"type":"Feature","geometry":{"type":"Polygon","coordinates":[[[-81.3666,35.1649],[-82.2911,35.2001],[-82.3712,35.1806],[-82.3938,35.2152],[-82.4399,35.1657],[-82.6817,35.128],[-82.7565,35.0674],[-82.7832,35.0859],[-83.1091,35.0013],[-83.1118,34.935],[-83.3056,34.8165],[-83.3539,34.6986],[-83.2326,34.6116],[-83.1597,34.6033],[-83.0346,34.4836],[-82.9016,34.4868],[-82.8588,34.4552],[-82.8345,34.3652],[-82.7468,34.2666],[-82.7175,34.1505],[-82.6424,34.0933],[-82.5568,33.9453],[-82.3245,33.82],[-82.2475,33.7526],[-82.1862,33.6209],[-82.0463,33.5638],[-81.9859,33.4865],[-81.9263,33.4629],[-81.9097,33.412],[-81.9452,33.4075],[-81.9397,33.3449],[-81.8473,33.3068],[-81.8632,33.2888],[-81.8283,33.263],[-81.8521,33.2473],[-81.7689,33.2174],[-81.7521,33.1485],[-81.492,33.0091],[-81.5024,32.9354],[-81.418,32.8182],[-81.4275,32.7019],[-81.393,32.6515],[-81.4187,32.6294],[-81.3668,32.5769],[-81.2806,32.556],[-81.1871,32.4641],[-81.2054,32.4233],[-81.16,32.3405],[-81.1285,32.3384],[-81.1196,32.2868],[-81.1566,32.2433],[-81.114,32.1957],[-81.1154,32.1147],[-81.0381,32.0837],[-81.0043,32.1024],[-80.9251,32.0419],[-80.8228,32.0342],[-80.783,31.996],[-80.7482,32.0845],[-80.5664,32.1724],[-80.4968,32.2502],[-80.3923,32.2803],[-80.3748,32.3425],[-80.2431,32.4724],[-80.1215,32.4992],[-80.0889,32.549],[-79.9679,32.5637],[-79.7983,32.6756],[-79.7601,32.7383],[-79.5347,32.87],[-79.4959,32.9316],[-79.3223,32.9561],[-79.2734,33.0466],[-79.0822,33.1713],[-79.1202,33.2469],[-79.0876,33.3693],[-78.9105,33.5894],[-78.6959,33.7529],[-78.4993,33.8129],[-79.6765,34.8051],[-80.7975,34.8198],[-80.7819,34.9358],[-80.9347,35.1073],[-81.0415,35.0447],[-81.0343,35.1493],[-81.3666,35.1649]]]},"properties":{"GEOID":"45","STUSAB":"SC","NAME":"South Carolina"}},{"type":"Feature","geometry":{"type":"Polygon","coordinates":[[[-87.1127,47.818],[-88.3699,48.3061],[-88.6774,48.2454],[-89.3375,47.9743],[-89.4834,48.0137],[-90.4184,46.5661],[-90.3933,46.5324],[-90.3322,46.5534],[-90.3166,46.5169],[-90.2166,46.5016],[-90.1206,46.337],[-89.0916,46.1384],[-88.816,46.0206],[-88.6789,46.0136],[-88.6708,45.9885],[-88.5147,46.02],[-88.4894,45.9914],[-88.1025,45.9215],[-88.1013,45.8823],[-88.0698,45.8729],[-88.1301,45.8097],[-87.8769,45.7544],[-87.7822,45.6831],[-87.8244,45.6477],[-87.7772,45.5885],[-87.8337,45.5616],[-87.7928,45.5],[-87.8617,45.4345],[-87.8493,45.4039],[-87.8881,45.3547],[-87.7541,45.3494],[-87.694,45.3899],[-87.6574,45.3688],[-87.6481,45.3394],[-87.7418,45.1975],[-87.66,45.1075],[-87.4425,45.0764],[-87.4057,45.202],[-87.1712,45.3525],[-87.1011,45.4442],[-86.7542,45.4436],[-86.2495,45.2361],[-86.4999,45.0808],[-86.6863,44.881],[-87.0132,44.1319],[-87.1141,43.7341],[-87.1472,43.3799],[-87.0199,42.4938],[-87.2078,41.761],[-84.8059,41.7602],[-84.806,41.6961],[-83.4159,41.7338],[-83.1125,41.9594],[-83.1494,42.0403],[-83.128,42.2387],[-83.08,42.3072],[-82.8303,42.3735],[-82.6619,42.5417],[-82.5855,42.5532],[-82.5189,42.6137],[-82.4677,42.7619],[-82.456,42.9258],[-82.123,43.5908],[-82.5206,45.3359],[-83.484,45.7719],[-83.6369,45.7739],[-83.4336,45.9989],[-83.5715,46.106],[-83.6546,46.1221],[-83.8262,46.1193],[-83.9554,46.0572],[-84.0057,46.1496],[-84.1081,46.2412],[-84.1462,46.4185],[-84.1112,46.5041],[-84.1289,46.5301],[-84.2261,46.5339],[-84.2758,46.4928],[-84.4203,46.5011],[-84.4756,46.4529],[-84.557,46.4606],[-84.763,46.6343],[-84.8593,46.8888],[-87.1127,47.818]]]},"properties":{"GEOID":"26","STUSAB":"MI","NAME":"Michigan"}},{"type":"Feature","geometry":{"type":"Polygon","coordinates":[[[-90.9558,34.1187],[-90.91,34.1655],[-90.8453,34.1369],[-90.8076,34.1618],[-90.9144,34.1957],[-90.9287,34.2447],[-90.8471,34.2061],[-90.8318,34.2769],[-90.738,34.2893],[-90.7644,34.3637],[-90.6763,34.3713],[-90.6931,34.3226],[-90.6693,34.3131],[-90.6571,34.3774],[-90.5843,34.4122],[-90.5927,34.4906],[-90.5396,34.5539],[-90.5916,34.621],[-90.5701,34.6934],[-90.5419,34.6839],[-90.5342,34.6275],[-90.4629,34.6838],[-90.5719,34.7128],[-90.5442,34.7917],[-90.4928,34.7725],[-90.5167,34.7272],[-90.4482,34.7401],[-90.4803,34.8824],[-90.4366,34.8827],[-90.4387,34.8252],[-90.3085,34.8455],[-90.3177,34.8711],[-90.2413,34.919],[-90.3078,34.9929],[-90.2966,35.0387],[-90.207,35.0258],[-90.1679,35.1211],[-90.0667,35.138],[-90.1172,35.1883],[-90.0758,35.2131],[-90.0911,35.245],[-90.1689,35.2797],[-90.11,35.305],[-90.0797,35.3839],[-90.1293,35.4138],[-90.1357,35.3767],[-90.1793,35.3853],[-90.1075,35.477],[-90.0683,35.4671],[-90.0543,35.3893],[-90.0027,35.43],[-90.0483,35.5042],[-90.0313,35.5543],[-89.9046,35.5193],[-89.9576,35.5885],[-89.8513,35.6576],[-89.9255,35.6582],[-89.9578,35.7274],[-89.9075,35.7593],[-89.8255,35.7452],[-89.7817,35.8052],[-89.6986,35.8187],[-89.7729,35.8656],[-89.7445,35.9107],[-89.6691,35.8745],[-89.6436,35.8897],[-89.7331,36.0008],[-90.3779,35.9957],[-90.3196,36.0896],[-90.0642,36.3025],[-90.0635,36.3841],[-90.1385,36.4137],[-90.1523,36.498],[-94.6179,36.4995],[-94.431,35.3932],[-94.4859,33.6378],[-94.4483,33.6424],[-94.4717,33.6026],[-94.4125,33.569],[-94.3806,33.5819],[-94.4015,33.5605],[-94.3817,33.544],[-94.2425,33.5897],[-94.2507,33.5571],[-94.1954,33.5552],[-94.2173,33.5802],[-94.1838,33.5947],[-94.1287,33.5509],[-94.0738,33.5847],[-94.0433,33.5516],[-94.043,33.0193],[-91.1659,33.0043],[-91.1207,33.0577],[-91.2018,33.124],[-91.086,33.1363],[-91.1003,33.2194],[-91.0439,33.2758],[-91.078,33.2836],[-91.1058,33.2415],[-91.1422,33.349],[-91.0581,33.4469],[-91.0869,33.4514],[-91.1481,33.3788],[-91.2093,33.4065],[-91.1319,33.4303],[-91.1344,33.4832],[-91.1703,33.4979],[-91.1772,33.4439],[-91.2357,33.4394],[-91.1825,33.4998],[-91.2334,33.5627],[-91.1287,33.6068],[-91.2304,33.6822],[-91.1604,33.7066],[-91.0931,33.6582],[-91.0337,33.6738],[-91.0611,33.7154],[-91.1298,33.712],[-91.145,33.7681],[-90.9909,33.7774],[-91.073,33.8588],[-91.0111,33.9353],[-91.0851,33.9567],[-91.0905,33.9914],[-91.0189,34.0032],[-90.976,33.9608],[-90.9882,34.0192],[-90.8906,34.0285],[-90.8728,34.0879],[-90.9558,34.1187]]]},"properties":{"GEOID":"05","STUSAB":"AR","NAME":"Arkansas"}},{"type":"Feature","geometry":{"type":"Polygon","coordinates":[[[-88.4314,32.2277],[-88.0982,34.8927],[-88.2,34.9956],[-90.3084,34.9957],[-90.2413,34.9261],[-90.3177,34.8711],[-90.3069,34.8467],[-90.4387,34.8252],[-90.436,34.8818],[-90.4771,34.8852],[-90.448,34.742],[-90.475,34.7239],[-90.5242,34.7314],[-90.4928,34.7725],[-90.5442,34.7917],[-90.5719,34.7128],[-90.4629,34.6838],[-90.5342,34.6275],[-90.5419,34.6839],[-90.5701,34.6934],[-90.5916,34.621],[-90.5396,34.5539],[-90.5927,34.4906],[-90.5862,34.4092],[-90.6571,34.3774],[-90.6693,34.3131],[-90.6931,34.3226],[-90.6763,34.3713],[-90.7644,34.3637],[-90.738,34.2893],[-90.8318,34.2769],[-90.8471,34.2061],[-90.9355,34.2378],[-90.9082,34.1921],[-90.8072,34.1637],[-90.8453,34.1369],[-90.91,34.1655],[-90.9586,34.1355],[-90.8711,34.0802],[-90.894,34.0262],[-90.9882,34.0192],[-90.9662,33.9647],[-91.0864,34.0061],[-91.0865,33.9578],[-91.0102,33.9322],[-91.0694,33.8433],[-90.9888,33.7831],[-91.1331,33.7833],[-91.1488,33.7314],[-91.0592,33.7145],[-91.0337,33.6738],[-91.0931,33.6582],[-91.1604,33.7066],[-91.2296,33.6853],[-91.1287,33.6068],[-91.2334,33.5627],[-91.1825,33.4998],[-91.2357,33.4394],[-91.1772,33.4439],[-91.1703,33.4979],[-91.1344,33.4832],[-91.1319,33.4303],[-91.2093,33.4065],[-91.1481,33.3788],[-91.0869,33.4514],[-91.0581,33.4469],[-91.142,33.3497],[-91.1416,33.3001],[-91.1008,33.2383],[-91.0773,33.284],[-91.0446,33.2672],[-91.1003,33.2194],[-91.086,33.1363],[-91.2007,33.1265],[-91.1203,33.0549],[-91.214,32.9272],[-91.1517,32.9019],[-91.1355,32.9797],[-91.0868,32.9763],[-91.0644,32.9011],[-91.145,32.8429],[-91.1657,32.7534],[-91.0547,32.7192],[-91.1525,32.6203],[-91.1199,32.5848],[-91.0158,32.6416],[-91.0082,32.6042],[-91.0804,32.5565],[-90.9872,32.4957],[-91.0381,32.4904],[-91.0937,32.5491],[-91.116,32.4831],[-91.0514,32.4378],[-90.9696,32.4395],[-90.9936,32.354],[-90.9124,32.3395],[-90.8756,32.3717],[-90.9222,32.2986],[-90.9795,32.2937],[-90.9949,32.1931],[-91.039,32.2423],[-91.1642,32.1969],[-91.1628,32.1327],[-91.0536,32.1244],[-91.0583,32.181],[-91.0041,32.1462],[-91.0809,32.0479],[-91.1585,32.0729],[-91.0759,32.0168],[-91.1848,31.9656],[-91.1823,31.9158],[-91.2677,31.8627],[-91.2543,31.8137],[-91.2832,31.8158],[-91.294,31.8605],[-91.3452,31.8439],[-91.3656,31.7608],[-91.2631,31.7548],[-91.3694,31.7469],[-91.401,31.6204],[-91.5155,31.6304],[-91.4929,31.5896],[-91.4054,31.5765],[-91.5225,31.5221],[-91.4748,31.3686],[-91.5218,31.3752],[-91.5434,31.4326],[-91.5763,31.4105],[-91.5087,31.3151],[-91.5156,31.2782],[-91.654,31.2558],[-91.5889,31.189],[-91.6269,31.1188],[-91.5599,31.0541],[-91.6369,30.9994],[-89.7317,31.0048],[-89.7815,30.8189],[-89.8351,30.7711],[-89.8161,30.7389],[-89.8522,30.6617],[-89.814,30.6382],[-89.8039,30.5493],[-89.6834,30.4515],[-89.6838,30.4058],[-89.6296,30.339],[-89.6472,30.2894],[-89.5768,30.1832],[-89.5348,30.1954],[-89.495,30.1608],[-89.1837,30.2122],[-89.0965,30.1658],[-88.889,30.1398],[-88.9003,30.17],[-88.8214,30.2174],[-88.4613,30.1467],[-88.3852,30.1581],[-88.4732,31.8939],[-88.4314,32.2277]]]},"properties":{"GEOID":"28","STUSAB":"MS","NAME":"Mississippi"}},{"type":"Feature","geometry":{"type":"Polygon","coordinates":[[[-93.3744,40.5803],[-95.7735,40.5782],[-95.7571,40.526],[-95.7086,40.5216],[-95.6787,40.5626],[-95.6558,40.5466],[-95.7,40.5053],[-95.6227,40.3423],[-95.6573,40.3109],[-95.5622,40.2974],[-95.5525,40.2619],[-95.4762,40.2413],[-95.4792,40.1857],[-95.3933,40.1192],[-95.4105,40.0356],[-95.3153,40.0121],[-95.2053,39.9397],[-95.2027,39.9051],[-95.1497,39.9059],[-95.1245,39.8729],[-94.9302,39.8899],[-94.9406,39.853],[-94.8759,39.8133],[-94.9346,39.773],[-94.8697,39.7729],[-94.8627,39.7422],[-94.964,39.7404],[-94.9707,39.6872],[-95.0276,39.6655],[-95.0506,39.5876],[-95.1049,39.5766],[-95.1104,39.5446],[-94.942,39.3895],[-94.885,39.3898],[-94.9061,39.3147],[-94.8306,39.2551],[-94.8317,39.2159],[-94.7408,39.17],[-94.6782,39.1842],[-94.5887,39.1512],[-94.6179,36.4994],[-90.1523,36.498],[-90.1385,36.4137],[-90.0635,36.3841],[-90.0642,36.3025],[-90.3196,36.0896],[-90.3779,35.9957],[-89.7069,36.001],[-89.6788,36.0846],[-89.5916,36.1421],[-89.7018,36.246],[-89.5347,36.2528],[-89.6203,36.323],[-89.5318,36.3392],[-89.5097,36.3736],[-89.567,36.565],[-89.4799,36.5691],[-89.4939,36.4736],[-89.4644,36.4577],[-89.3658,36.6251],[-89.3246,36.631],[-89.2635,36.5663],[-89.219,36.5751],[-89.1591,36.6664],[-89.1979,36.7398],[-89.1171,36.7658],[-89.1792,36.8299],[-89.1381,36.8473],[-89.0993,36.9626],[-89.1855,36.9735],[-89.2549,37.072],[-89.3083,37.0684],[-89.26,37.0233],[-89.2786,36.9887],[-89.3839,37.0464],[-89.3771,37.0908],[-89.4561,37.1881],[-89.4588,37.2487],[-89.5183,37.2855],[-89.4205,37.388],[-89.5171,37.5373],[-89.5198,37.5827],[-89.4759,37.593],[-89.5177,37.6412],[-89.5167,37.6928],[-89.6634,37.7501],[-89.6696,37.7999],[-89.8426,37.9052],[-89.9024,37.8697],[-89.9478,37.8798],[-89.9747,37.9271],[-89.9246,37.9598],[-89.9968,37.9632],[-90.1105,38.0265],[-90.3586,38.222],[-90.3708,38.3336],[-90.1845,38.6116],[-90.2114,38.7214],[-90.1194,38.8018],[-90.1133,38.8493],[-90.4392,38.9673],[-90.561,38.8695],[-90.663,38.9263],[-90.7136,39.054],[-90.6811,39.1006],[-90.73,39.2559],[-91.0383,39.4484],[-91.1003,39.5387],[-91.1536,39.5482],[-91.1819,39.6027],[-91.3694,39.7312],[-91.3624,39.7905],[-91.4365,39.8471],[-91.4194,39.9277],[-91.4949,40.0365],[-91.5108,40.1261],[-91.491,40.2834],[-91.4194,40.3783],[-91.5246,40.4108],[-91.5251,40.4578],[-91.5747,40.4657],[-91.6201,40.5408],[-91.6887,40.5574],[-91.7291,40.6136],[-93.3744,40.5803]]]},"properties":{"GEOID":"29","STUSAB":"MO","NAME":"Missouri"}},{"type":"Feature","geometry":{"type":"Polygon","coordinates":[[[-105.0576,48.9992],[-116.0491,49.0008],[-116.0491,47.9768],[-115.8523,47.8279],[-115.8309,47.755],[-115.7226,47.6951],[-115.7365,47.6538],[-115.6878,47.5953],[-115.7556,47.5479],[-115.6983,47.5314],[-115.6863,47.4849],[-115.6295,47.4796],[-115.7589,47.4234],[-115.5776,47.3674],[-115.4823,47.2814],[-115.3198,47.2567],[-115.3006,47.1883],[-115.1441,47.1019],[-115.0488,46.97],[-114.9251,46.9187],[-114.9483,46.86],[-114.8952,46.8016],[-114.7875,46.7828],[-114.7668,46.6969],[-114.6654,46.7392],[-114.6208,46.7073],[-114.6426,46.6729],[-114.6057,46.6359],[-114.4668,46.6318],[-114.3582,46.6711],[-114.3216,46.649],[-114.3426,46.5184],[-114.4032,46.4988],[-114.3684,46.4371],[-114.4224,46.387],[-114.4254,46.2879],[-114.4707,46.266],[-114.4441,46.1693],[-114.5274,46.1454],[-114.4605,46.0978],[-114.5075,46.0315],[-114.4803,46.0303],[-114.48,45.9929],[-114.4118,45.9779],[-114.4314,45.936],[-114.3879,45.8839],[-114.4097,45.8516],[-114.5096,45.8454],[-114.5665,45.7733],[-114.4951,45.704],[-114.5076,45.6575],[-114.564,45.6376],[-114.5379,45.6066],[-114.5649,45.5577],[-114.4561,45.5622],[-114.4257,45.5107],[-114.33,45.4597],[-114.2699,45.4846],[-114.2484,45.5458],[-114.1936,45.5364],[-114.0861,45.5915],[-114.0153,45.6528],[-114.0155,45.6959],[-113.9353,45.6943],[-113.9047,45.622],[-113.8064,45.6016],[-113.8348,45.5207],[-113.766,45.5206],[-113.776,45.4085],[-113.7335,45.3908],[-113.7387,45.3294],[-113.6919,45.2625],[-113.5921,45.1848],[-113.5699,45.1239],[-113.5112,45.1161],[-113.5222,45.0914],[-113.452,45.0592],[-113.4439,44.9594],[-113.4988,44.9422],[-113.4551,44.8654],[-113.3776,44.8352],[-113.3413,44.7847],[-113.2469,44.823],[-113.1315,44.7728],[-113.0507,44.6345],[-113.0883,44.5997],[-113.0065,44.5258],[-113.0268,44.4955],[-113.0045,44.4528],[-112.8896,44.4059],[-112.8539,44.3595],[-112.8122,44.3771],[-112.8399,44.4247],[-112.7808,44.4847],[-112.7179,44.5043],[-112.3865,44.4473],[-112.3525,44.538],[-112.2866,44.5686],[-112.1064,44.5206],[-111.8693,44.5666],[-111.8215,44.5089],[-111.7032,44.5601],[-111.468,44.539],[-111.5236,44.5922],[-111.5163,44.644],[-111.4725,44.6662],[-111.4888,44.7056],[-111.4143,44.7107],[-111.3848,44.755],[-111.2193,44.6225],[-111.2276,44.5767],[-111.0558,44.4768],[-111.0546,45.001],[-104.0397,44.9981],[-104.0487,48.9999],[-105.0576,48.9992]]]},"properties":{"GEOID":"30","STUSAB":"MT","NAME":"Montana"}},{"type":"Feature","geometry":{"type":"Polygon","coordinates":[[[-94.6176,37.7612],[-94.5884,39.1499],[-94.6782,39.1842],[-94.7408,39.17],[-94.8317,39.2159],[-94.8306,39.2551],[-94.9061,39.3147],[-94.885,39.3898],[-94.942,39.3895],[-95.1093,39.5423],[-95.1049,39.5766],[-95.0506,39.5876],[-95.0276,39.6655],[-94.9707,39.6872],[-94.964,39.7404],[-94.8627,39.7422],[-94.8697,39.7729],[-94.9346,39.773],[-94.8767,39.8225],[-94.9399,39.852],[-94.9515,39.9005],[-95.0902,39.8631],[-95.2017,39.9044],[-95.2053,39.9397],[-95.3083,40.0],[-102.0517,40.0031],[-102.0421,36.993],[-94.618,36.9989],[-94.6176,37.7612]]]},"properties":{"GEOID":"20","STUSAB":"KS","NAME":"Kansas"}},{"type":"Feature","geometry":{"type":"Polygon","coordinates":[[[-86.3296,38.1818],[-86.2718,38.1389],[-86.2678,38.0571],[-86.1782,38.0106],[-86.0946,38.0088],[-86.0389,37.959],[-86.0304,37.9921],[-85.9257,38.0218],[-85.9062,38.1679],[-85.8291,38.2766],[-85.7435,38.2673],[-85.68,38.2976],[-85.607,38.4386],[-85.5057,38.4647],[-85.4195,38.5353],[-85.4567,38.6864],[-85.4359,38.7287],[-85.2724,38.7407],[-85.1732,38.688],[-84.9919,38.7783],[-84.8125,38.7867],[-84.83,38.8301],[-84.7853,38.8804],[-84.8772,38.9094],[-84.83,38.9726],[-84.8974,39.0574],[-84.8202,39.1054],[-84.8059,41.7602],[-87.5237,41.7599],[-87.5316,39.3479],[-87.6206,39.307],[-87.5746,39.2184],[-87.6587,39.136],[-87.5726,39.0573],[-87.5783,38.9888],[-87.5122,38.9544],[-87.5534,38.8624],[-87.4958,38.7407],[-87.5312,38.684],[-87.6201,38.6395],[-87.612,38.5892],[-87.6701,38.5452],[-87.6467,38.5078],[-87.75,38.4714],[-87.7453,38.409],[-87.8227,38.3469],[-87.841,38.2801],[-87.8705,38.3122],[-87.9101,38.2681],[-87.9348,38.2951],[-87.9602,38.2371],[-87.9881,38.2567],[-87.9775,38.1998],[-87.9109,38.1626],[-88.0151,38.1014],[-87.9567,38.0862],[-88.0421,38.0463],[-88.0079,38.0308],[-88.0129,37.9665],[-88.0341,37.9262],[-88.0695,37.9257],[-88.0135,37.894],[-88.0979,37.9015],[-88.0259,37.8327],[-88.0912,37.8192],[-87.9462,37.7734],[-87.9036,37.8168],[-87.9401,37.8876],[-87.8944,37.9281],[-87.8298,37.8764],[-87.675,37.9016],[-87.6777,37.8342],[-87.6173,37.8312],[-87.5837,37.8781],[-87.6271,37.9257],[-87.5874,37.9753],[-87.5106,37.9061],[-87.3862,37.9378],[-87.1617,37.8398],[-87.1083,37.7827],[-87.0654,37.8076],[-87.0342,37.9063],[-86.8197,37.9994],[-86.7325,37.8948],[-86.6479,37.9094],[-86.6622,37.8528],[-86.6383,37.8427],[-86.5982,37.8672],[-86.5887,37.9211],[-86.5073,37.9295],[-86.5217,38.0396],[-86.4306,38.0753],[-86.4647,38.1174],[-86.3328,38.1296],[-86.3229,38.1512],[-86.3785,38.1816],[-86.3296,38.1818]]]},"properties":{"GEOID":"18","STUSAB":"IN","NAME":"Indiana"}},{"type":"Feature","geometry":{"type":"MultiPolygon","coordinates":[[[[-66.3232,17.8777],[-66.2203,17.8629],[-65.8525,17.9415],[-65.7161,18.1063],[-65.618,18.1542],[-65.6246,18.0775],[-65.5497,18.0284],[-65.2496,18.0843],[-65.2163,18.1436],[-65.272,18.1962],[-65.4644,18.2222],[-65.5546,18.1848],[-65.4654,18.2437],[-65.4615,18.2933],[-65.2972,18.2274],[-65.2115,18.2413],[-65.1716,18.3334],[-65.2209,18.3953],[-65.3029,18.3875],[-65.3767,18.4215],[-65.464,18.3935],[-65.6246,18.4513],[-65.6786,18.4185],[-65.7572,18.4732],[-65.9934,18.5166],[-66.9081,18.5333],[-67.0883,18.568],[-67.1755,18.5437],[-67.2216,18.498],[-67.2079,18.4423],[-67.3187,18.381],[-67.286,18.2822],[-67.2142,18.2113],[-67.2675,17.9831],[-67.2607,17.9285],[-67.215,17.8872],[-66.921,17.8752],[-66.7882,17.9161],[-66.5741,17.9131],[-66.5831,17.8622],[-66.5309,17.8315],[-66.4245,17.882],[-66.3232,17.8777]]],[[[-67.9987,18.1708],[-67.9934,18.0624],[-67.9458,18.0175],[-67.8714,18.0003],[-67.7973,18.0586],[-67.7946,18.1159],[-67.8344,18.1637],[-67.8949,18.1667],[-67.9448,18.21],[-67.9987,18.1708]]],[[[-67.543,18.3861],[-67.4886,18.3267],[-67.418,18.373],[-67.473,18.4381],[-67.543,18.3861]]]]},"properties":{"GEOID":"72","STUSAB":"PR","NAME":"Puerto Rico"}},{"type":"Feature","geometry":{"type":"Polygon","coordinates":[[[-98.7244,45.9387],[-104.0455,45.9453],[-104.053,43.0006],[-98.4986,42.9986],[-98.4441,42.9292],[-98.1471,42.8396],[-98.0351,42.7641],[-97.9367,42.7757],[-97.842,42.8682],[-97.6865,42.8422],[-97.2379,42.8531],[-97.1303,42.7715],[-96.9791,42.7601],[-96.9616,42.7198],[-96.9068,42.7338],[-96.8062,42.7042],[-96.7932,42.666],[-96.6913,42.6562],[-96.7098,42.6051],[-96.6115,42.5061],[-96.5488,42.5205],[-96.5013,42.4827],[-96.4455,42.4906],[-96.4936,42.5156],[-96.477,42.556],[-96.5299,42.6105],[-96.5161,42.6303],[-96.6395,42.7369],[-96.5815,42.8377],[-96.5503,42.8375],[-96.5413,42.9239],[-96.499,42.9578],[-96.5208,42.9803],[-96.492,43.0102],[-96.5213,43.0397],[-96.4607,43.0643],[-96.4365,43.1202],[-96.4767,43.2219],[-96.5692,43.2327],[-96.5492,43.2476],[-96.5893,43.2953],[-96.5301,43.3],[-96.5217,43.3869],[-96.6031,43.4508],[-96.5992,43.5005],[-96.4533,43.5004],[-96.4531,45.3008],[-96.5218,45.3756],[-96.6925,45.4173],[-96.8568,45.6054],[-96.8386,45.6475],[-96.6626,45.7387],[-96.5837,45.8193],[-96.5637,45.9352],[-98.7244,45.9387]]]},"properties":{"GEOID":"46","STUSAB":"SD","NAME":"South Dakota"}},{"type":"Feature","geometry":{"type":"Polygon","coordinates":[[[-105.155,36.9953],[-102.0421,36.993],[-102.0517,41.0024],[-109.05,41.0007],[-109.0452,36.999],[-105.155,36.9953]]]},"properties":{"GEOID":"08","STUSAB":"CO","NAME":"Colorado"}},{"type":"Feature","geometry":{"type":"Polygon","coordinates":[[[-75.5931,39.8377],[-75.4151,39.8019],[-75.3418,39.8461],[-75.1444,39.8844],[-75.1291,39.9607],[-74.7216,40.154],[-74.9397,40.338],[-74.9666,40.3982],[-75.0586,40.4182],[-75.0681,40.5415],[-75.1941,40.5761],[-75.1768,40.6757],[-75.2039,40.6915],[-75.1965,40.7516],[-75.1085,40.7911],[-75.0958,40.8471],[-75.051,40.8657],[-75.1311,40.9905],[-74.9691,41.0868],[-74.982,41.1085],[-74.8834,41.1796],[-74.7956,41.3203],[-74.69,41.3652],[-74.7387,41.4308],[-74.8926,41.4386],[-74.913,41.476],[-74.9828,41.4805],[-75.0747,41.6065],[-75.0442,41.6181],[-75.053,41.7518],[-75.1047,41.7744],[-75.0722,41.8141],[-75.1725,41.8723],[-75.2583,41.8623],[-75.2788,41.9387],[-75.3422,41.9935],[-79.762,41.9988],[-79.7624,42.5161],[-80.0802,42.3942],[-80.5199,42.3271],[-80.5193,39.7214],[-75.7738,39.7222],[-75.7059,39.7999],[-75.5931,39.8377]]]},"properties":{"GEOID":"42","STUSAB":"PA","NAME":"Pennsylvania"}},{"type":"Feature","geometry":{"type":"Polygon","coordinates":[[[-118.4038,46.0008],[-116.9161,45.9954],[-116.9826,46.0901],[-116.9223,46.1688],[-116.9654,46.2031],[-116.9862,46.296],[-117.0628,46.3536],[-117.0346,46.4178],[-117.0323,48.9992],[-123.3222,49.0021],[-123.0085,48.8312],[-123.0085,48.7671],[-123.2679,48.694],[-123.2189,48.5487],[-123.1151,48.4228],[-123.2484,48.284],[-123.5412,48.2246],[-123.6791,48.24],[-124.0121,48.2967],[-124.7497,48.4998],[-124.7723,48.4738],[-124.7458,48.4457],[-124.8148,48.4059],[-124.7614,48.2957],[-124.7805,48.2286],[-124.8483,48.1882],[-124.7852,48.0871],[-124.799,47.9725],[-124.5403,47.7164],[-124.5546,47.6444],[-124.4614,47.625],[-124.4136,47.3687],[-124.3064,47.2481],[-124.2513,47.0967],[-124.2466,46.9178],[-124.1946,46.8441],[-124.1453,46.6705],[-124.1305,46.4083],[-124.1595,46.2611],[-124.036,46.2642],[-124.0249,46.2991],[-123.8726,46.235],[-123.7414,46.2692],[-123.5012,46.271],[-123.4476,46.2498],[-123.431,46.1816],[-123.3714,46.1464],[-123.1159,46.1853],[-122.8845,46.0603],[-122.785,45.8682],[-122.7638,45.6571],[-122.675,45.618],[-122.2667,45.5438],[-121.983,45.6229],[-121.867,45.6934],[-121.5329,45.7265],[-121.2158,45.6712],[-121.1965,45.6166],[-121.1456,45.6079],[-121.0645,45.6525],[-120.8958,45.6429],[-120.6351,45.7457],[-120.4826,45.6944],[-120.2108,45.7259],[-119.9658,45.8244],[-119.67,45.8569],[-119.5716,45.9255],[-119.4881,45.9064],[-119.1263,45.9328],[-118.9873,45.9999],[-118.4038,46.0008]]]},"properties":{"GEOID":"53","STUSAB":"WA","NAME":"Washington"}},{"type":"Feature","geometry":{"type":"Polygon","coordinates":[[[-92.7247,33.0144],[-94.043,33.0193],[-94.0422,31.9936],[-93.9312,31.8915],[-93.9006,31.8968],[-93.8733,31.8149],[-93.8234,31.7751],[-93.8369,31.7502],[-93.7945,31.7033],[-93.8349,31.5862],[-93.7877,31.5273],[-93.711,31.5122],[-93.7495,31.4687],[-93.7039,31.4555],[-93.671,31.3662],[-93.6392,31.372],[-93.6873,31.3061],[-93.6203,31.271],[-93.5891,31.1659],[-93.5325,31.1833],[-93.5637,31.0945],[-93.508,31.0315],[-93.5782,31.0],[-93.526,30.9375],[-93.5741,30.8845],[-93.5544,30.8235],[-93.6143,30.7602],[-93.6299,30.6799],[-93.683,30.6413],[-93.6789,30.5936],[-93.7403,30.5396],[-93.7077,30.5213],[-93.6976,30.4422],[-93.7577,30.3904],[-93.7658,30.3327],[-93.7046,30.2899],[-93.7213,30.2096],[-93.6882,30.1414],[-93.7341,30.0861],[-93.6995,30.0586],[-93.928,29.8096],[-93.8374,29.6899],[-93.8144,29.5966],[-93.7704,29.6239],[-93.7701,29.6708],[-93.7115,29.6903],[-93.4328,29.7185],[-93.3393,29.6951],[-93.2232,29.7264],[-92.625,29.5283],[-92.2937,29.4815],[-92.078,29.5315],[-91.9132,29.4202],[-91.8769,29.3627],[-91.7775,29.3961],[-91.7122,29.3606],[-91.644,29.3756],[-91.4211,29.3028],[-91.2927,29.1962],[-90.9749,29.1215],[-91.0208,29.0461],[-90.9321,28.9943],[-90.7469,28.9886],[-90.5525,29.0368],[-90.3443,29.0032],[-90.1627,29.0512],[-90.0323,29.135],[-89.6104,29.1986],[-89.5205,29.1722],[-89.4687,29.1075],[-89.4929,28.908],[-89.4625,28.8636],[-89.401,28.8606],[-89.2349,28.9872],[-89.1691,28.9226],[-89.1051,28.933],[-89.0127,29.0277],[-88.9969,29.0853],[-88.9217,29.125],[-88.9088,29.2102],[-88.9421,29.2537],[-89.0772,29.3011],[-89.1421,29.4295],[-89.0389,29.4922],[-88.8234,29.715],[-88.7673,29.8408],[-88.7673,29.9821],[-88.8549,30.1355],[-89.0965,30.1658],[-89.1837,30.2122],[-89.5112,30.1606],[-89.6142,30.2215],[-89.6834,30.4515],[-89.8039,30.5493],[-89.814,30.6382],[-89.8523,30.6624],[-89.8161,30.7389],[-89.8351,30.7711],[-89.7815,30.8189],[-89.7296,31.0039],[-91.6369,30.9994],[-91.5599,31.0541],[-91.6269,31.1188],[-91.5889,31.189],[-91.654,31.2558],[-91.5156,31.2782],[-91.5087,31.3151],[-91.5763,31.4105],[-91.5434,31.4326],[-91.5218,31.3752],[-91.4748,31.3686],[-91.5225,31.5221],[-91.4054,31.5765],[-91.4929,31.5896],[-91.5155,31.6304],[-91.401,31.6204],[-91.3694,31.7469],[-91.2631,31.7548],[-91.3656,31.7608],[-91.3452,31.8439],[-91.294,31.8605],[-91.2832,31.8158],[-91.2543,31.8137],[-91.2677,31.8627],[-91.1823,31.9158],[-91.1848,31.9656],[-91.0759,32.0168],[-91.1585,32.0729],[-91.0809,32.0479],[-91.0041,32.1462],[-91.0583,32.181],[-91.0536,32.1244],[-91.1628,32.1327],[-91.1642,32.1969],[-91.039,32.2423],[-90.9949,32.1931],[-90.9795,32.2937],[-90.9222,32.2986],[-90.8756,32.3717],[-90.9124,32.3395],[-90.9936,32.354],[-90.9696,32.4395],[-91.0514,32.4378],[-91.116,32.4831],[-91.0937,32.5491],[-91.0381,32.4904],[-90.9872,32.4957],[-91.0804,32.5565],[-91.0082,32.6042],[-91.0158,32.6416],[-91.1199,32.5848],[-91.1525,32.6203],[-91.0547,32.7192],[-91.1657,32.7534],[-91.145,32.8429],[-91.0644,32.9011],[-91.0909,32.9812],[-91.1351,32.9801],[-91.1333,32.9194],[-91.1702,32.8994],[-91.214,32.9303],[-91.1661,33.0043],[-92.7247,33.0144]]]},"properties":{"GEOID":"22","STUSAB":"LA","NAME":"Louisiana"}},{"type":"Feature","geometry":{"type":"MultiPolygon","coordinates":[[[[145.5877,15.1277],[145.5136,15.0268],[145.5629,14.9343],[145.4894,14.8987],[145.4682,14.8533],[145.4827,14.7992],[145.5326,14.7727],[145.5917,14.7814],[145.7308,14.9173],[145.7501,15.0666],[145.876,15.1354],[145.8963,15.3087],[145.8528,15.3519],[145.7818,15.3484],[145.7085,15.2753],[145.6693,15.162],[145.5877,15.1277]]],[[[145.059,14.125],[145.0777,14.0604],[145.178,14.0366],[145.3396,14.1083],[145.3745,14.2008],[145.3517,14.2444],[145.2356,14.2666],[145.1143,14.2169],[145.059,14.125]]],[[[145.7467,17.5994],[145.7767,17.536],[145.8677,17.5177],[145.9183,17.5672],[145.9177,17.6546],[145.8569,17.6905],[145.8001,17.6841],[145.7467,17.5994]]],[[[145.6438,18.0579],[145.6954,17.9898],[145.7779,18.0034],[145.875,18.0866],[145.8803,18.1864],[145.84,18.2338],[145.7595,18.2411],[145.6913,18.189],[145.6438,18.0579]]],[[[145.5631,18.7788],[145.6086,18.6823],[145.6612,18.6592],[145.7366,18.6879],[145.7698,18.75],[145.75,18.8271],[145.6761,18.8805],[145.6078,18.8659],[145.5631,18.7788]]],[[[145.3063,19.6984],[145.3303,19.615],[145.4,19.5884],[145.455,19.6049],[145.4956,19.6799],[145.4727,19.7267],[145.3969,19.7647],[145.3063,19.6984]]],[[[145.1319,20.0396],[145.1426,19.9863],[145.2121,19.9473],[145.2822,19.9688],[145.315,20.033],[145.2336,20.1027],[145.1609,20.0862],[145.1319,20.0396]]],[[[146.002,16.0288],[146.0444,15.9479],[146.1332,15.981],[146.1544,16.0228],[146.1382,16.0747],[146.094,16.0973],[146.0508,16.0934],[146.002,16.0288]]],[[[145.7644,17.3444],[145.7742,17.2731],[145.8468,17.2253],[145.9121,17.2708],[145.9366,17.3404],[145.8505,17.4012],[145.7644,17.3444]]],[[[145.7012,16.7241],[145.7117,16.6657],[145.763,16.6322],[145.8421,16.6479],[145.8676,16.6905],[145.8679,16.7418],[145.7924,16.792],[145.7012,16.7241]]],[[[145.5588,16.3742],[145.5751,16.3058],[145.6499,16.2738],[145.7329,16.2933],[145.7828,16.3599],[145.75,16.4377],[145.6757,16.4523],[145.625,16.4425],[145.5588,16.3742]]],[[[144.8154,20.5628],[144.8268,20.4918],[144.8625,20.4671],[144.9264,20.4701],[144.9791,20.5259],[144.9711,20.5812],[144.923,20.6144],[144.8461,20.6052],[144.8154,20.5628]]]]},"properties":{"GEOID":"69","STUSAB":"MP","NAME":"Commonwealth of the Northern Mariana Islands"}},{"type":"Feature","geometry":{"type":"Polygon","coordinates":[[[144.5634,13.4481],[144.593,13.3924],[144.5962,13.2077],[144.6358,13.1825],[144.7406,13.1952],[144.818,13.2804],[144.8266,13.3815],[144.972,13.5],[145.0031,13.6181],[144.8385,13.7027],[144.75,13.5519],[144.6112,13.5102],[144.5634,13.4481]]]},"properties":{"GEOID":"66","STUSAB":"GU","NAME":"Guam"}},{"type":"Feature","geometry":{"type":"Polygon","coordinates":[[[-67.8057,45.6801],[-67.8096,45.7296],[-67.7818,45.7311],[-67.8065,45.7944],[-67.7553,45.8234],[-67.8039,45.8829],[-67.7506,45.9176],[-67.7812,45.9434],[-67.7902,47.0672],[-67.8829,47.1044],[-67.9572,47.1996],[-68.2345,47.3553],[-68.3631,47.3547],[-68.3779,47.2874],[-68.5801,47.2871],[-68.6175,47.2434],[-68.9,47.1777],[-69.0507,47.2565],[-69.0432,47.4268],[-69.2245,47.4598],[-69.9971,46.6955],[-70.0565,46.4156],[-70.1912,46.3502],[-70.2927,46.1915],[-70.2363,46.1452],[-70.2531,46.1001],[-70.3019,46.0824],[-70.2783,46.0563],[-70.318,46.0191],[-70.2839,45.9955],[-70.3159,45.963],[-70.2391,45.9439],[-70.2588,45.8912],[-70.4169,45.7955],[-70.4003,45.7197],[-70.5586,45.6665],[-70.7226,45.5137],[-70.6298,45.4263],[-70.6349,45.3834],[-70.7981,45.4265],[-70.8259,45.3984],[-70.8084,45.3118],[-70.8575,45.2291],[-70.8969,45.2419],[-70.9524,45.3391],[-71.0107,45.3477],[-71.0085,45.3192],[-71.0839,45.3055],[-70.9728,43.5705],[-70.9506,43.5513],[-70.9879,43.3899],[-70.9726,43.3484],[-70.8098,43.2259],[-70.8271,43.1274],[-70.7063,43.0753],[-70.57,42.9191],[-70.5289,43.0058],[-70.5997,43.0569],[-70.5822,43.0955],[-70.5401,43.1305],[-70.5251,43.0893],[-70.4591,43.0715],[-70.4032,43.1152],[-70.4409,43.1666],[-70.5217,43.1549],[-70.5208,43.2521],[-70.3674,43.3233],[-70.156,43.5244],[-69.8552,43.6469],[-69.7304,43.6573],[-69.6647,43.7117],[-69.5509,43.7071],[-69.5058,43.7785],[-69.4093,43.8108],[-69.3876,43.7361],[-69.3351,43.7045],[-69.2381,43.7501],[-69.2623,43.8154],[-69.1498,43.7957],[-69.0559,43.8589],[-68.9255,43.7501],[-68.8269,43.7357],[-68.7853,43.8043],[-68.6694,43.8696],[-68.6793,43.9235],[-68.7426,43.9431],[-68.7215,43.9619],[-68.5684,43.958],[-68.4368,44.0532],[-68.3114,44.0534],[-68.2034,44.0996],[-68.1708,44.1901],[-68.1226,44.226],[-68.1283,44.2643],[-67.9994,44.2802],[-67.9252,44.3414],[-67.8237,44.327],[-67.7747,44.4113],[-67.7153,44.3865],[-67.5676,44.3972],[-67.473,44.4483],[-67.4434,44.5053],[-67.2233,44.5632],[-66.9026,44.7766],[-66.8854,44.7942],[-66.9749,44.8416],[-66.9687,44.9104],[-67.1589,45.162],[-67.2834,45.1919],[-67.296,45.1478],[-67.346,45.1265],[-67.405,45.1601],[-67.489,45.2806],[-67.4192,45.3771],[-67.5035,45.4896],[-67.4162,45.5013],[-67.4311,45.5841],[-67.6456,45.6133],[-67.7283,45.6892],[-67.7201,45.6623],[-67.8057,45.6801]]]},"properties":{"GEOID":"23","STUSAB":"ME","NAME":"Maine"}},{"type":"Feature","geometry":{"type":"MultiPolygon","coordinates":[[[[-74.7262,44.9949],[-74.8266,45.0159],[-74.9725,44.9834],[-75.2904,44.8456],[-75.7669,44.5153],[-75.9128,44.3678],[-76.1618,44.2808],[-76.1643,44.2396],[-76.2068,44.2145],[-76.3126,44.199],[-76.3527,44.1347],[-76.4383,44.0942],[-76.7762,43.6295],[-78.6883,43.6347],[-79.2009,43.4504],[-79.0559,43.2547],[-79.0423,43.1437],[-79.0745,43.0779],[-79.0071,43.0658],[-79.02,42.9948],[-78.9189,42.9469],[-78.9058,42.9],[-78.9998,42.8044],[-79.7624,42.5161],[-79.762,41.9988],[-75.3596,41.9996],[-75.2788,41.9387],[-75.2583,41.8623],[-75.1725,41.8723],[-75.0722,41.8141],[-75.1047,41.7744],[-75.053,41.7518],[-75.0442,41.6181],[-75.0747,41.6065],[-74.9825,41.4803],[-74.913,41.476],[-74.8926,41.4386],[-74.7387,41.4308],[-74.6956,41.3576],[-73.8936,40.9972],[-74.0557,40.6515],[-74.2024,40.6316],[-74.2581,40.5087],[-74.2253,40.4766],[-73.9779,40.5191],[-73.8896,40.4865],[-73.784,40.5324],[-73.4865,40.5205],[-73.274,40.5513],[-72.3745,40.8186],[-71.7941,41.037],[-71.791,41.1841],[-71.9295,41.3104],[-73.6129,40.9509],[-73.6597,40.9879],[-73.7278,41.1007],[-73.4827,41.2128],[-73.551,41.2954],[-73.4896,42.0001],[-73.5082,42.0861],[-73.2648,42.7459],[-73.2909,42.8019],[-73.2416,43.535],[-73.2973,43.5794],[-73.3064,43.6283],[-73.3719,43.6245],[-73.3958,43.5681],[-73.4312,43.5883],[-73.3508,43.7714],[-73.3925,43.8213],[-73.3742,43.8762],[-73.4379,44.0451],[-73.3906,44.1911],[-73.3127,44.2654],[-73.335,44.3644],[-73.2936,44.4389],[-73.3902,44.6184],[-73.3332,44.7888],[-73.3816,44.8494],[-73.339,44.9177],[-73.3432,45.0107],[-74.7262,44.9949]]],[[[-74.0407,40.7002],[-74.0399,40.6986],[-74.0384,40.6987],[-74.0407,40.7002]]],[[[-74.0472,40.6909],[-74.0436,40.6888],[-74.0439,40.6902],[-74.0472,40.6909]]]]},"properties":{"GEOID":"36","STUSAB":"NY","NAME":"New York"}},{"type":"Feature","geometry":{"type":"Polygon","coordinates":[[[-119.3242,41.9939],[-119.9992,41.9949],[-120.001,38.9996],[-117.5001,37.2204],[-114.6335,35.0019],[-114.6029,35.0686],[-114.6468,35.1019],[-114.5783,35.1288],[-114.5693,35.1834],[-114.6046,35.3552],[-114.6786,35.4976],[-114.6535,35.6097],[-114.6895,35.6514],[-114.712,35.8055],[-114.7059,35.8505],[-114.6616,35.8712],[-114.7405,35.9755],[-114.7221,36.029],[-114.7538,36.0878],[-114.5711,36.1511],[-114.5018,36.1266],[-114.3737,36.1437],[-114.2439,36.0153],[-114.1514,36.0231],[-114.1209,36.1108],[-114.0439,36.1934],[-114.0415,41.9939],[-119.3242,41.9939]]]},"properties":{"GEOID":"32","STUSAB":"NV","NAME":"Nevada"}},{"type":"Feature","geometry":{"type":"MultiPolygon","coordinates":[[[[-136.4551,57.8311],[-135.8599,56.9924],[-134.4942,55.9996],[-134.5125,55.9559],[-134.632,55.8988],[-134.6189,55.8347],[-134.192,55.6931],[-134.027,55.892],[-133.9959,55.7952],[-133.838,55.7933],[-133.8318,55.7415],[-133.8877,55.6836],[-133.7982,55.6332],[-133.9072,55.434],[-133.8739,55.3988],[-133.7716,55.3943],[-133.7756,55.2822],[-133.6912,55.1985],[-133.6115,55.1765],[-133.7905,55.0006],[-133.6489,54.632],[-131.2031,54.6913],[-130.6479,54.6489],[-130.6257,54.7381],[-130.659,54.7631],[-130.3445,54.9188],[-130.1876,55.0628],[-130.1028,55.1926],[-129.9742,55.2819],[-130.1279,55.581],[-130.1117,55.6829],[-130.1524,55.7663],[-130.0038,55.9074],[-130.0035,56.0081],[-130.1038,56.1228],[-130.2462,56.0964],[-130.426,56.1416],[-130.4679,56.2431],[-130.6233,56.2669],[-130.782,56.3668],[-131.0873,56.406],[-131.5811,56.6122],[-131.8353,56.5992],[-131.9011,56.7537],[-131.8729,56.806],[-132.1236,56.8736],[-132.0452,57.0451],[-132.369,57.0915],[-132.2479,57.2113],[-132.8694,57.8397],[-133.0701,58.0003],[-133.1723,58.1537],[-133.4615,58.3877],[-133.3773,58.4305],[-133.7071,58.6123],[-133.8405,58.7294],[-134.2581,58.861],[-134.3365,58.9234],[-134.3135,58.9622],[-134.4071,58.9792],[-134.3819,59.0388],[-134.4834,59.1316],[-134.5656,59.1311],[-134.6791,59.1923],[-134.7007,59.249],[-134.9599,59.2809],[-135.0305,59.3463],[-134.9897,59.3871],[-135.101,59.4275],[-135.0276,59.4747],[-135.0289,59.5637],[-135.2198,59.6628],[-135.2337,59.6961],[-135.4792,59.798],[-135.9526,59.6622],[-136.3539,59.5998],[-136.2398,59.5594],[-136.2385,59.5243],[-136.3682,59.449],[-136.4772,59.4658],[-136.4692,59.2841],[-136.5844,59.1659],[-136.8287,59.16],[-137.2828,59.0],[-137.4517,58.9083],[-137.5261,58.9064],[-137.5,58.9854],[-137.6074,59.2438],[-138.6262,59.7686],[-138.7074,59.9063],[-139.0537,59.9948],[-139.1988,60.0883],[-139.0748,60.3525],[-139.693,60.3352],[-139.9811,60.182],[-140.4582,60.3081],[-140.5204,60.2198],[-141.0018,60.3059],[-141.0028,69.7036],[-141.3779,69.7441],[-143.2264,70.202],[-143.9406,70.1697],[-144.5291,70.0791],[-144.6815,70.0158],[-144.9266,70.04],[-145.065,70.0876],[-145.3355,70.0987],[-145.9818,70.2423],[-146.709,70.2824],[-146.9265,70.3508],[-147.1719,70.3502],[-147.3725,70.4305],[-147.7794,70.4719],[-147.8185,70.52],[-147.8996,70.5421],[-148.052,70.5388],[-148.1269,70.5013],[-148.4213,70.5329],[-148.5149,70.4897],[-148.487,70.4533],[-148.7873,70.5254],[-149.7191,70.6219],[-150.0335,70.5877],[-150.2427,70.6043],[-150.3452,70.5532],[-150.7952,70.5484],[-151.315,70.4634],[-151.5489,70.4911],[-151.5033,70.536],[-151.5168,70.5714],[-151.6127,70.5936],[-152.1519,70.8751],[-153.0001,70.9699],[-153.8992,70.9362],[-154.4377,71.0236],[-155.0033,71.2001],[-155.7562,71.2834],[-155.9264,71.3577],[-156.4006,71.4354],[-156.5823,71.4277],[-156.9408,71.3112],[-157.5324,71.0076],[-157.9315,70.9022],[-158.3335,70.872],[-158.734,70.9631],[-159.2384,70.9203],[-159.7555,70.8305],[-160.4142,70.5613],[-160.9079,70.4157],[-161.3151,70.3473],[-161.9487,70.3747],[-162.4652,70.2172],[-163.1336,69.8387],[-163.2878,69.6324],[-163.2896,69.4304],[-163.3806,69.3202],[-163.6508,69.1687],[-164.0204,69.0331],[-164.2794,68.9796],[-165.357,68.9089],[-166.2002,68.9338],[-166.3474,68.9004],[-166.3661,68.8689],[-166.3273,68.7818],[-166.3333,68.6961],[-166.3712,68.6513],[-166.3677,68.575],[-166.4349,68.5306],[-166.4439,68.4785],[-166.9129,68.3853],[-166.9716,68.3561],[-166.9721,68.3224],[-166.8606,68.2875],[-166.3648,68.2443],[-165.966,68.0725],[-165.4995,68.0188],[-164.6552,67.6924],[-164.1754,67.5476],[-164.0045,67.3978],[-163.8825,67.215],[-164.0027,67.1726],[-163.9114,67.1047],[-163.0495,66.9866],[-162.832,66.9268],[-163.6262,66.6242],[-164.4635,66.6263],[-165.7777,66.3974],[-166.7195,66.148],[-167.5208,65.8782],[-168.0771,65.7561],[-168.2001,65.6994],[-168.2292,65.6503],[-168.2187,65.5961],[-168.153,65.5389],[-167.938,65.4999],[-167.6064,65.3856],[-166.9489,65.3079],[-167.0724,65.1998],[-167.073,65.1384],[-166.7619,64.9635],[-166.5227,64.8711],[-166.5822,64.8221],[-166.5902,64.7389],[-166.4913,64.619],[-166.2814,64.545],[-166.3539,64.5064],[-166.3511,64.4779],[-166.272,64.4378],[-166.1335,64.4382],[-166.0709,64.4902],[-166.0778,64.5205],[-165.0322,64.388],[-164.7548,64.4078],[-164.3554,64.5084],[-163.8141,64.5312],[-163.5362,64.5036],[-163.3638,64.4456],[-163.2419,64.3607],[-162.7958,64.2757],[-162.5579,64.3558],[-162.472,64.4868],[-162.3135,64.5428],[-161.5908,64.3355],[-161.4139,64.3586],[-161.0754,64.2067],[-161.0457,64.0225],[-160.9446,63.9215],[-160.877,63.7969],[-161.0085,63.6777],[-161.0981,63.6561],[-161.2852,63.5234],[-161.8404,63.4933],[-161.957,63.5572],[-162.2227,63.5969],[-162.3044,63.672],[-162.5843,63.6914],[-162.7306,63.6512],[-162.8264,63.5764],[-162.6798,63.4916],[-162.4378,63.492],[-162.7003,63.2912],[-162.8709,63.2536],[-163.1187,63.1016],[-163.2525,63.0925],[-163.6581,63.2497],[-164.0513,63.3174],[-164.4957,63.2512],[-164.7438,63.0932],[-164.8802,63.0654],[-164.9067,63.0449],[-164.9159,62.9026],[-165.0338,62.8366],[-164.9867,62.7607],[-165.2473,62.7099],[-165.2481,62.648],[-165.2131,62.6144],[-165.3387,62.576],[-165.4489,62.391],[-165.9018,62.1193],[-166.0058,62.1234],[-166.0962,62.0735],[-166.1298,62.0253],[-166.0759,61.9831],[-166.1125,61.8731],[-166.2297,61.7983],[-166.2808,61.5629],[-166.1945,61.4599],[-166.0313,61.3953],[-165.9904,61.3164],[-165.7869,61.1981],[-165.6637,61.0578],[-165.4167,61.0125],[-165.2366,61.0501],[-165.3021,60.9664],[-165.1705,60.8769],[-165.1762,60.7963],[-165.1234,60.7366],[-165.4641,60.6137],[-165.5183,60.566],[-165.5014,60.5262],[-165.3875,60.4595],[-165.2396,60.4432],[-165.1414,60.358],[-164.9719,60.277],[-164.7488,60.2403],[-164.5974,60.1582],[-164.4882,60.055],[-164.3428,60.0029],[-164.4497,59.9533],[-164.4157,59.8849],[-164.0133,59.6378],[-163.8119,59.6208],[-163.7399,59.6686],[-163.7878,59.7092],[-163.8969,59.7146],[-163.9937,59.7638],[-163.7077,59.7411],[-163.1459,59.7956],[-162.9472,59.7683],[-162.8261,59.8007],[-162.818,59.8403],[-162.6984,59.8918],[-162.4498,59.8846],[-162.4417,59.8441],[-162.3643,59.8109],[-162.1783,59.8148],[-161.8713,59.5248],[-161.9144,59.4693],[-162.0536,59.409],[-162.171,59.2476],[-162.1022,59.1288],[-161.9025,58.9776],[-161.8512,58.808],[-161.9492,58.7243],[-162.1685,58.7103],[-162.2598,58.6727],[-162.2777,58.6329],[-162.2303,58.5986],[-162.0818,58.5649],[-161.8707,58.5704],[-161.8176,58.5057],[-161.7042,58.4969],[-161.234,58.6435],[-161.177,58.6071],[-161.1773,58.5426],[-161.141,58.5033],[-160.9334,58.4961],[-160.7933,58.5601],[-160.6016,58.7933],[-160.6087,58.8436],[-160.3431,58.8805],[-160.2734,58.7887],[-160.1722,58.7693],[-160.0892,58.8063],[-159.9391,58.7179],[-159.8117,58.7354],[-159.7017,58.7964],[-159.5447,58.7784],[-159.1514,58.4158],[-159.1484,58.3703],[-159.0789,58.3393],[-158.7727,58.3549],[-158.6052,58.4556],[-158.213,58.5426],[-158.1479,58.5438],[-158.0698,58.4903],[-158.8935,56.9998],[-158.8936,56.9451],[-159.1739,56.8145],[-159.8702,56.5909],[-160.0691,56.4803],[-160.2254,56.4336],[-160.4394,56.2988],[-160.5457,56.1153],[-160.616,56.0674],[-161.2111,56.0674],[-161.8257,55.9427],[-162.2898,55.7249],[-162.5709,55.5158],[-162.9352,55.3821],[-163.1413,55.232],[-163.5679,55.1002],[-163.9127,55.0906],[-164.0474,55.0207],[-164.1579,55.0157],[-164.2979,54.9526],[-164.5212,54.9691],[-164.6277,54.9115],[-164.7828,54.6917],[-164.9995,54.6262],[-165.0362,54.5766],[-164.9956,54.4573],[-164.9013,54.3747],[-164.8054,54.3455],[-164.415,54.3688],[-164.2767,54.4372],[-164.2279,54.5237],[-164.1227,54.5561],[-163.7579,54.572],[-163.5641,54.5396],[-163.4359,54.6028],[-163.0256,54.6112],[-162.9548,54.6598],[-162.9686,54.7087],[-163.1373,54.8298],[-163.0632,54.8795],[-162.8468,54.8484],[-162.643,54.9333],[-162.5789,54.9085],[-162.6146,54.8779],[-162.6,54.8268],[-162.4831,54.7927],[-162.5549,54.7493],[-162.5262,54.6947],[-162.4599,54.6665],[-162.4903,54.6224],[-162.4642,54.5875],[-162.4798,54.5409],[-162.365,54.5077],[-162.2405,54.6405],[-162.048,54.6319],[-162.0285,54.6591],[-162.0566,54.7045],[-161.9647,54.7169],[-161.841,54.6845],[-161.6984,54.7474],[-161.5903,54.7498],[-161.5767,54.8142],[-161.7173,54.8957],[-161.6667,54.9281],[-161.6723,54.9592],[-161.3849,54.974],[-161.3531,55.0196],[-161.4177,55.0668],[-161.2723,55.1001],[-161.2485,55.1933],[-161.0586,55.2201],[-161.0129,55.263],[-161.09,55.3166],[-161.2395,55.2985],[-160.9079,55.4204],[-160.859,55.4199],[-160.9534,55.3254],[-160.8997,55.0953],[-160.8368,55.0682],[-160.7097,55.1121],[-160.6077,55.0984],[-160.5733,55.037],[-160.5195,55.0251],[-160.4309,55.0649],[-160.4469,55.1082],[-160.3668,55.1965],[-160.2784,55.2051],[-160.2158,55.3083],[-160.239,55.3403],[-160.2036,55.3358],[-160.1301,55.2387],[-160.1497,55.1964],[-160.2853,55.1246],[-160.2444,55.0226],[-160.3434,54.9309],[-160.3158,54.8433],[-160.2581,54.8069],[-160.1554,54.829],[-160.094,54.8904],[-159.9868,54.8912],[-159.953,54.9294],[-159.816,54.9095],[-159.7245,55.0178],[-159.6766,54.9872],[-159.5648,54.9914],[-159.5414,54.924],[-159.4318,54.8942],[-159.3623,54.8283],[-159.2266,54.8207],[-159.1133,54.9303],[-159.2501,54.9981],[-159.2032,55.0433],[-159.2334,55.0986],[-159.4109,55.1235],[-159.4153,55.3154],[-159.5443,55.3284],[-159.6091,55.2678],[-159.7379,55.2223],[-159.8042,55.324],[-159.9326,55.337],[-160.0505,55.3958],[-160.0412,55.4489],[-159.9511,55.5076],[-159.5382,55.532],[-159.505,55.5581],[-159.5215,55.6009],[-159.4469,55.6385],[-158.0,55.6394],[-157.0987,56.2383],[-157.1298,56.2687],[-156.3307,56.7493],[-156.3165,57.1055],[-156.2278,57.1625],[-156.2145,57.1952],[-156.247,57.2438],[-156.1672,57.3459],[-155.9398,57.4129],[-155.8445,57.4975],[-155.668,57.5084],[-155.6395,57.6023],[-155.3004,57.6429],[-155.1501,57.75],[-155.1609,57.7906],[-155.0435,57.8124],[-154.9407,57.9751],[-154.8009,57.9591],[-154.3907,57.9993],[-154.1337,58.1001],[-153.97,58.3127],[-153.8586,58.3743],[-153.8818,58.4565],[-153.8107,58.5154],[-153.628,58.5083],[-153.4615,58.5726],[-153.447,58.5984],[-153.4788,58.6417],[-153.318,58.713],[-153.187,58.7293],[-153.1659,58.765],[-153.2025,58.8013],[-153.1516,58.8576],[-153.1841,58.9057],[-153.0212,59.0025],[-151.4442,59.0997],[-150.9922,59.1808],[-149.6213,59.5275],[-149.4675,59.7338],[-149.2696,59.8454],[-148.9802,59.8937],[-148.2185,59.8756],[-147.9564,59.7441],[-147.6872,59.7417],[-147.3348,59.8339],[-147.281,59.8787],[-147.2417,59.9983],[-147.1019,60.0813],[-145.9766,60.3147],[-145.8243,60.3151],[-145.3177,60.1797],[-144.776,60.1296],[-144.6073,60.0783],[-144.5397,60.0101],[-144.7778,59.8299],[-144.7781,59.7786],[-144.6768,59.7274],[-144.4105,59.7463],[-144.1441,59.9195],[-143.5395,59.9999],[-142.7574,60.0522],[-142.0018,59.9746],[-140.9129,59.6985],[-140.4251,59.657],[-139.3903,59.3174],[-138.967,59.2115],[-138.6377,59.0796],[-138.2525,58.9894],[-138.0215,58.8614],[-138.0293,58.8055],[-137.996,58.7495],[-137.7759,58.6408],[-137.7206,58.5709],[-137.1203,58.3297],[-137.0145,58.3443],[-136.8144,58.1888],[-136.6584,58.1456],[-136.5154,58.1806],[-136.5103,58.1535],[-136.6502,58.1026],[-136.6791,58.0143],[-136.6511,57.9938],[-136.6446,57.8838],[-136.4551,57.8311]]],[[[179.3887,51.9419],[179.4568,51.8599],[179.6232,51.819],[179.7851,51.8626],[179.8597,51.9604],[179.771,52.0408],[179.6584,52.0783],[179.4296,52.0236],[179.3887,51.9419]]],[[[178.5318,51.6497],[178.5518,51.5999],[178.7902,51.4925],[178.896,51.4925],[179.1811,51.3054],[179.5109,51.3083],[179.5784,51.3543],[179.5532,51.4],[179.4252,51.4628],[179.2871,51.4698],[179.1703,51.523],[179.0402,51.64],[178.6073,51.7165],[178.5595,51.7017],[178.5318,51.6497]]],[[[178.1238,51.844],[178.1405,51.7965],[178.2499,51.7245],[178.4005,51.7036],[178.4963,51.7445],[178.4312,51.827],[178.3322,51.8709],[178.198,51.8889],[178.1238,51.844]]],[[[178.0035,52.0496],[178.0163,51.9787],[178.0597,51.9481],[178.1959,51.9488],[178.5021,51.8469],[178.5807,51.8596],[178.6702,51.9441],[178.6433,51.9976],[178.5124,52.0434],[178.2672,52.0375],[178.1627,52.1067],[178.0769,52.1],[178.0035,52.0496]]],[[[177.9339,51.8723],[177.9972,51.822],[178.0664,51.8272],[178.1013,51.863],[178.0343,51.9226],[177.9339,51.8723]]],[[[177.2802,52.1276],[177.3451,52.0721],[177.4466,52.1145],[177.3805,52.1745],[177.2802,52.1276]]],[[[177.112,51.8905],[177.1425,51.8422],[177.3453,51.7577],[177.4152,51.791],[177.4162,51.8712],[177.8192,51.8954],[177.874,51.9561],[177.7032,52.007],[177.7604,52.0612],[177.7646,52.121],[177.5867,52.1895],[177.4981,52.1516],[177.4164,52.0381],[177.166,51.949],[177.112,51.8905]]],[[[175.7653,52.3873],[175.8314,52.3056],[175.8966,52.2813],[176.0099,52.2996],[176.0645,52.3634],[176.0049,52.4095],[175.8748,52.4397],[175.7948,52.4248],[175.7653,52.3873]]],[[[173.7738,52.7816],[173.838,52.716],[174.018,52.6718],[174.1625,52.6567],[174.2378,52.7033],[174.2214,52.7677],[174.1286,52.8012],[174.0501,52.7891],[173.8706,52.8348],[173.7738,52.7816]]],[[[173.2734,52.4105],[173.3215,52.35],[173.7477,52.3],[173.8141,52.3533],[173.7806,52.4508],[173.8556,52.5283],[173.7781,52.5661],[173.6083,52.5599],[173.3367,52.4762],[173.2734,52.4105]]],[[[172.3493,52.9222],[172.4194,52.8597],[172.9015,52.6816],[173.0458,52.7488],[173.362,52.6958],[173.4143,52.7282],[173.4034,52.7776],[173.5261,52.7745],[173.5806,52.8155],[173.4895,52.9001],[173.3926,52.9074],[173.3219,52.9921],[173.1322,53.044],[172.6232,53.0532],[172.3764,52.9596],[172.3493,52.9222]]],[[[-168.135,53.9515],[-168.1164,53.9055],[-168.0553,53.8763],[-167.9535,53.9212],[-167.9936,53.9904],[-168.083,53.9924],[-168.135,53.9515]]],[[[-169.8796,56.6148],[-169.8048,56.5474],[-169.5813,56.4832],[-169.3775,56.5877],[-169.4016,56.6366],[-169.5093,56.6675],[-169.8025,56.674],[-169.8796,56.6148]]],[[[-170.0505,57.1869],[-169.969,57.128],[-169.8477,57.1849],[-169.94,57.2389],[-170.0505,57.1869]]],[[[-170.273,52.7485],[-170.2501,52.6811],[-170.1738,52.6629],[-170.0484,52.6706],[-169.9755,52.7381],[-169.8488,52.7631],[-169.738,52.721],[-169.6597,52.7262],[-169.5886,52.8006],[-169.5934,52.8895],[-169.6336,52.9291],[-169.5804,52.9824],[-169.5806,53.0322],[-169.7006,53.1165],[-169.8141,53.1266],[-169.8834,53.0515],[-169.833,53.01],[-169.8177,52.9374],[-169.9082,52.9225],[-169.9634,52.9632],[-170.1165,52.9631],[-170.1986,52.9164],[-170.1528,52.8358],[-170.2068,52.8228],[-170.273,52.7485]]],[[[-170.5227,57.1934],[-170.4953,57.1283],[-170.4148,57.1047],[-170.492,57.0802],[-170.502,57.0332],[-170.3995,56.9958],[-170.1118,57.1367],[-170.0124,57.2541],[-170.0654,57.2979],[-170.1589,57.3044],[-170.2617,57.2641],[-170.4382,57.2549],[-170.5227,57.1934]]],[[[-170.926,52.5586],[-170.8876,52.5138],[-170.7638,52.4898],[-170.5361,52.5738],[-170.4747,52.6738],[-170.5263,52.7292],[-170.6805,52.7496],[-170.8654,52.6691],[-170.926,52.5586]]],[[[-171.3933,52.4809],[-171.3584,52.4125],[-171.2063,52.3989],[-171.1365,52.4457],[-171.1118,52.5076],[-171.0495,52.531],[-171.0201,52.5968],[-171.1792,52.6387],[-171.3744,52.5371],[-171.3933,52.4809]]],[[[-172.7207,52.2644],[-172.676,52.2106],[-172.5106,52.1999],[-172.2877,52.2657],[-172.2105,52.3271],[-172.2745,52.4058],[-172.4483,52.4431],[-172.6332,52.3879],[-172.7207,52.2644]]],[[[-175.2248,52.233],[-175.1525,52.163],[-175.0363,52.2176],[-175.1198,52.2805],[-175.2248,52.233]]],[[[-175.6098,52.183],[-175.5987,52.1467],[-175.5124,52.1074],[-175.437,52.1328],[-175.4037,52.182],[-175.492,52.2376],[-175.5793,52.2202],[-175.6098,52.183]]],[[[-177.5517,51.9155],[-177.469,51.8399],[-177.3809,51.8557],[-177.3326,51.9008],[-177.3647,51.9568],[-177.4595,51.9829],[-177.5517,51.9155]]],[[[-178.3078,51.8816],[-178.2725,51.8231],[-178.132,51.7579],[-178.1923,51.7208],[-178.1894,51.6337],[-177.8994,51.5402],[-177.8305,51.57],[-177.8249,51.6311],[-177.7834,51.6479],[-177.6577,51.5987],[-177.403,51.6704],[-177.2811,51.6276],[-177.1269,51.6534],[-177.0341,51.7327],[-177.0403,51.8077],[-176.9837,51.8338],[-177.0042,51.7878],[-176.9702,51.7437],[-177.0454,51.6907],[-177.0743,51.6209],[-177.0426,51.5661],[-176.9428,51.5371],[-176.6987,51.5784],[-176.4565,51.6764],[-176.2552,51.6954],[-176.2113,51.7331],[-175.9647,51.7554],[-175.913,51.8004],[-175.8271,51.8054],[-175.8059,51.8665],[-175.3487,51.9626],[-175.0564,51.9482],[-174.8693,51.9891],[-174.7451,51.9556],[-174.5943,51.9784],[-174.4809,51.9525],[-174.3504,51.9803],[-174.2772,52.0454],[-174.0499,52.0552],[-173.854,51.9913],[-173.6379,52.0037],[-173.5186,51.9716],[-173.2432,52.0094],[-173.1513,51.9471],[-173.0852,51.9749],[-173.07,52.026],[-172.9231,52.0242],[-172.8199,52.105],[-172.8949,52.1555],[-173.3098,52.155],[-173.4408,52.1688],[-173.5063,52.2131],[-173.9905,52.1831],[-173.9046,52.2937],[-173.9229,52.3781],[-174.1579,52.473],[-174.3127,52.4567],[-174.4107,52.3764],[-174.4947,52.367],[-174.5376,52.317],[-174.4944,52.2653],[-174.6685,52.2252],[-174.7947,52.1502],[-174.9252,52.1639],[-175.5491,52.0099],[-175.7393,52.0213],[-175.8537,52.0965],[-175.9278,52.0911],[-175.9919,52.1497],[-176.1484,52.1715],[-176.2244,52.1531],[-176.2854,52.0941],[-176.2429,51.9267],[-176.2693,51.919],[-176.4528,51.9079],[-176.4885,52.026],[-176.6013,52.0566],[-176.827,52.0091],[-176.9102,51.8896],[-176.971,51.8611],[-176.97,51.9245],[-177.0169,51.965],[-177.2062,51.9931],[-177.2675,51.9596],[-177.3089,51.8368],[-177.5421,51.7883],[-177.5643,51.796],[-177.5323,51.8551],[-177.5678,51.8972],[-177.8119,51.8908],[-177.947,51.9713],[-178.2284,51.9569],[-178.3078,51.8816]]],[[[-178.4312,51.4891],[-178.3874,51.4368],[-178.3043,51.4213],[-178.2181,51.4315],[-178.1878,51.4726],[-178.279,51.542],[-178.3901,51.5292],[-178.4312,51.4891]]],[[[-178.9573,51.7808],[-178.7962,51.6934],[-178.7009,51.7165],[-178.6466,51.7994],[-178.7191,51.8653],[-178.8394,51.8883],[-178.9153,51.8581],[-178.9573,51.7808]]],[[[-179.1495,51.5766],[-179.1025,51.5135],[-179.0024,51.5216],[-178.9503,51.5648],[-178.8002,51.4859],[-178.6364,51.5248],[-178.5502,51.5085],[-178.4406,51.5509],[-178.4217,51.5873],[-178.4704,51.6287],[-178.6343,51.6665],[-178.7683,51.6166],[-178.8908,51.6285],[-178.9486,51.5873],[-179.0783,51.6436],[-179.1495,51.5766]]],[[[-179.2302,51.2839],[-179.1838,51.1838],[-179.0736,51.179],[-178.8424,51.3155],[-178.8256,51.3675],[-178.8732,51.4248],[-178.9901,51.4568],[-179.2302,51.2839]]],[[[-167.5582,60.2244],[-167.4364,60.1088],[-167.4408,60.0565],[-167.4008,60.0261],[-166.9406,59.9119],[-166.6543,59.8024],[-166.3219,59.7731],[-166.1769,59.6998],[-166.0125,59.7054],[-165.739,59.8414],[-165.4955,59.8702],[-165.4025,59.9679],[-165.5666,60.0587],[-165.5883,60.2414],[-165.5615,60.3017],[-165.5862,60.3298],[-165.7385,60.4056],[-165.9814,60.3741],[-166.0542,60.4695],[-166.1524,60.5107],[-166.2493,60.4911],[-166.3498,60.4177],[-166.5058,60.4476],[-166.7633,60.3813],[-166.9438,60.2781],[-167.3098,60.2907],[-167.5081,60.2631],[-167.5582,60.2244]]],[[[-172.8857,60.2088],[-172.881,60.1688],[-172.7995,60.1388],[-172.6942,60.1546],[-172.6343,60.2007],[-172.6492,60.2369],[-172.7315,60.2622],[-172.8857,60.2088]]],[[[-173.2322,60.6543],[-173.1402,60.5755],[-173.1583,60.4675],[-172.9315,60.3897],[-172.8778,60.3263],[-172.5961,60.2586],[-172.4075,60.2788],[-172.2955,60.2388],[-172.1895,60.2508],[-172.1088,60.3034],[-172.3475,60.4277],[-172.53,60.4357],[-172.7603,60.5142],[-172.8153,60.5579],[-172.8288,60.6222],[-172.9438,60.6507],[-172.9623,60.7098],[-173.0125,60.7404],[-173.1586,60.7288],[-173.2322,60.6543]]],[[[-159.9103,54.8142],[-159.8351,54.7455],[-159.6886,54.7656],[-159.6524,54.7178],[-159.5479,54.6993],[-159.4693,54.721],[-159.4164,54.782],[-159.5561,54.8803],[-159.7293,54.8942],[-159.8546,54.8644],[-159.9103,54.8142]]],[[[-161.1945,55.159],[-161.0957,55.1035],[-161.02,55.1292],[-161.0054,55.1635],[-161.1091,55.208],[-161.1945,55.159]]],[[[-162.819,54.8112],[-162.7402,54.7531],[-162.6372,54.8048],[-162.7252,54.8574],[-162.819,54.8112]]],[[[-163.0137,54.3851],[-162.9833,54.3378],[-162.8752,54.339],[-162.7001,54.238],[-162.5469,54.248],[-162.4923,54.2938],[-162.2822,54.331],[-162.2384,54.3699],[-162.3544,54.4567],[-162.8606,54.5543],[-162.9388,54.5211],[-162.9599,54.428],[-163.0137,54.3851]]],[[[-163.2709,55.4317],[-163.2471,55.3745],[-163.1539,55.3431],[-163.071,55.3613],[-163.0279,55.4208],[-163.076,55.4887],[-163.1739,55.5321],[-163.26,55.5062],[-163.2709,55.4317]]],[[[-165.9611,53.9162],[-165.7027,54.0341],[-165.6572,54.0363],[-165.5632,53.9673],[-165.4031,54.0171],[-165.2696,53.9807],[-165.1845,54.017],[-164.9228,54.0285],[-164.8219,54.1308],[-164.6921,54.1822],[-164.6806,54.2322],[-164.8054,54.2824],[-165.0669,54.1801],[-165.321,54.1445],[-165.2428,54.1779],[-165.2321,54.2165],[-165.3452,54.251],[-165.4313,54.3407],[-165.6556,54.3471],[-165.769,54.2392],[-165.9372,54.277],[-166.1375,54.2143],[-166.2024,54.1198],[-166.1408,54.0469],[-166.2432,54.0302],[-166.3544,54.0611],[-166.7558,54.0688],[-167.054,54.0086],[-167.2301,53.8883],[-167.2341,53.8142],[-167.1649,53.7738],[-167.1382,53.7094],[-167.2444,53.6294],[-167.2304,53.5667],[-167.7524,53.4215],[-167.696,53.5146],[-167.7623,53.568],[-168.0803,53.6205],[-168.284,53.5711],[-168.4767,53.4506],[-168.4776,53.3787],[-168.6669,53.3152],[-168.8194,53.2217],[-168.8831,53.1502],[-168.8728,53.0817],[-168.9654,53.0507],[-169.0001,52.9828],[-169.2339,52.9459],[-169.2554,52.8845],[-169.1882,52.8507],[-169.2943,52.8116],[-169.3266,52.7535],[-169.2676,52.7163],[-169.1888,52.7247],[-168.827,52.8584],[-168.743,52.8547],[-168.5571,52.9582],[-168.4763,52.9195],[-168.4027,52.9293],[-168.3148,52.9821],[-168.334,53.0832],[-168.2577,53.1419],[-168.1699,53.1586],[-168.1322,53.2193],[-168.044,53.2442],[-167.5925,53.174],[-167.1068,53.367],[-166.7018,53.402],[-166.3787,53.6021],[-166.1749,53.6598],[-165.9764,53.7711],[-165.9227,53.846],[-165.9611,53.9162]]],[[[-160.0976,58.5999],[-160.0085,58.5347],[-159.9213,58.544],[-159.8626,58.5857],[-159.9053,58.6467],[-160.0046,58.6656],[-160.0976,58.5999]]],[[[-160.5441,58.6878],[-160.4753,58.6272],[-160.3876,58.6276],[-160.4143,58.5869],[-160.3969,58.5539],[-160.301,58.5358],[-160.2256,58.5655],[-160.0963,58.7053],[-160.1376,58.7489],[-160.416,58.7984],[-160.4904,58.7736],[-160.5441,58.6878]]],[[[-152.4665,58.915],[-152.4014,58.8367],[-152.3146,58.82],[-152.1341,58.8581],[-152.0172,58.8285],[-151.8516,58.9173],[-151.9372,58.9883],[-152.1454,59.0179],[-152.414,58.9922],[-152.4665,58.915]]],[[[-154.9337,57.2947],[-154.8311,57.2306],[-154.6858,57.2142],[-154.6198,57.1624],[-154.6086,56.9703],[-154.3877,56.8956],[-154.3855,56.8303],[-154.2178,56.7205],[-154.2367,56.6676],[-154.3521,56.6325],[-154.5405,56.6558],[-154.7581,56.5598],[-154.8938,56.4447],[-154.8629,56.3839],[-154.7257,56.3552],[-154.4982,56.4558],[-153.9191,56.457],[-153.8066,56.5094],[-153.7649,56.5881],[-153.8421,56.6206],[-153.9821,56.609],[-153.9998,56.635],[-153.7835,56.6976],[-153.7476,56.745],[-153.7604,56.7765],[-153.4887,56.8637],[-153.4509,56.9003],[-153.4769,56.9413],[-153.4491,56.9708],[-153.32,56.9409],[-153.2055,56.9532],[-153.0983,57.0403],[-152.8342,57.0944],[-152.7744,57.1606],[-152.8356,57.2174],[-152.6427,57.2354],[-152.4156,57.3845],[-152.3377,57.3216],[-152.1863,57.3532],[-152.1565,57.4059],[-152.2165,57.4382],[-152.2224,57.4753],[-152.0635,57.5712],[-152.0349,57.6533],[-152.0798,57.6863],[-152.138,57.8298],[-152.2552,57.8663],[-152.2356,57.9499],[-152.4745,58.0454],[-152.3123,58.0496],[-152.0553,58.1045],[-151.9664,58.1537],[-151.8842,58.113],[-151.7822,58.1288],[-151.7066,58.1878],[-151.6966,58.2598],[-151.7552,58.3034],[-151.704,58.3573],[-151.7505,58.3947],[-151.8952,58.3717],[-152.1821,58.452],[-152.0798,58.4786],[-152.0655,58.5268],[-152.1828,58.574],[-152.2477,58.6807],[-152.3848,58.6904],[-152.4345,58.7508],[-152.5456,58.7424],[-152.7191,58.6354],[-152.7751,58.5494],[-152.8469,58.5315],[-153.2,58.2663],[-153.4702,58.1087],[-153.5066,58.0662],[-153.4802,58.0188],[-153.7866,57.9177],[-153.9171,57.9166],[-154.2401,57.7155],[-154.407,57.6905],[-154.4809,57.6319],[-154.589,57.6129],[-154.723,57.528],[-154.8154,57.4128],[-154.8886,57.3819],[-154.9337,57.2947]]],[[[-155.8368,55.8008],[-155.7943,55.7296],[-155.5281,55.7058],[-155.4748,55.7415],[-155.4852,55.8186],[-155.4531,55.8839],[-155.4744,55.9136],[-155.6341,55.9255],[-155.8368,55.8008]]],[[[-156.902,56.1654],[-156.8836,56.1228],[-156.8172,56.1041],[-156.8465,56.0302],[-156.7931,55.9558],[-156.6478,55.9623],[-156.548,56.0386],[-156.556,56.0902],[-156.6759,56.1525],[-156.6511,56.201],[-156.7074,56.2674],[-156.842,56.2701],[-156.902,56.1654]]],[[[-146.5083,59.3907],[-146.4693,59.35],[-146.3619,59.3355],[-146.2535,59.3577],[-146.1454,59.4352],[-146.1855,59.497],[-146.2429,59.52],[-146.2552,59.567],[-146.3585,59.5861],[-146.4264,59.5555],[-146.4278,59.4667],[-146.5083,59.3907]]],[[[-161.4369,64.1336],[-161.4144,64.0868],[-161.306,64.062],[-161.2099,64.082],[-161.1767,64.1469],[-161.3104,64.1894],[-161.4369,64.1336]]],[[[-161.8593,63.6109],[-161.8392,63.5704],[-161.752,63.5521],[-161.634,63.6043],[-161.7585,63.6545],[-161.8593,63.6109]]],[[[-168.214,64.9843],[-168.187,64.9349],[-168.0909,64.9111],[-167.9761,64.9229],[-167.9138,64.9699],[-167.9531,65.0235],[-168.0761,65.0433],[-168.214,64.9843]]],[[[-168.8692,65.6209],[-168.7661,65.5715],[-168.6268,65.6124],[-168.666,65.6598],[-168.7349,65.6743],[-168.8201,65.6652],[-168.8692,65.6209]]],[[[-168.9717,65.7139],[-168.9719,65.6888],[-168.8809,65.6858],[-168.7625,65.7512],[-168.8357,65.8107],[-168.9508,65.8188],[-168.9717,65.7139]]],[[[-171.9547,63.5209],[-171.9653,63.4729],[-171.8392,63.3427],[-171.5946,63.2696],[-171.3989,63.2576],[-171.0484,63.3737],[-170.5969,63.3116],[-170.4391,63.2516],[-170.3594,63.1477],[-170.1154,63.1272],[-169.9014,63.0374],[-169.839,62.9259],[-169.6388,62.8849],[-169.4363,62.9474],[-169.4199,62.9739],[-169.4511,63.0386],[-169.2638,63.1185],[-169.0278,63.1245],[-168.9228,63.0996],[-168.9487,63.0625],[-168.9175,63.0311],[-168.7641,63.0276],[-168.7007,63.0569],[-168.6828,63.0847],[-168.7335,63.1316],[-168.6093,63.2294],[-168.5786,63.3087],[-168.7047,63.3547],[-169.4555,63.415],[-169.6023,63.4806],[-169.793,63.4907],[-169.9266,63.5267],[-169.9856,63.623],[-170.2968,63.7556],[-170.6567,63.7235],[-170.9592,63.6259],[-171.5356,63.7219],[-171.5488,63.8005],[-171.6747,63.8437],[-171.846,63.7999],[-171.8602,63.6747],[-171.9248,63.6108],[-171.9547,63.5209]]]]},"properties":{"GEOID":"02","STUSAB":"AK","NAME":"Alaska"}},{"type":"Feature","geometry":{"type":"MultiPolygon","coordinates":[[[[-170.5381,-14.3361],[-170.4915,-14.3017],[-170.5106,-14.2321],[-170.6553,-14.1755],[-170.75,-14.2412],[-170.8403,-14.258],[-170.8903,-14.3172],[-170.8659,-14.3586],[-170.739,-14.4199],[-170.6375,-14.3369],[-170.5381,-14.3361]]],[[[-168.2253,-14.5359],[-168.1735,-14.6013],[-168.1291,-14.5973],[-168.1022,-14.554],[-168.1522,-14.4778],[-168.2253,-14.5359]]],[[[-171.1412,-11.0466],[-171.0983,-11.1079],[-171.0114,-11.0781],[-171.0363,-11.0029],[-171.1114,-11.0038],[-171.1412,-11.0466]]],[[[-169.446,-14.3049],[-169.3707,-14.2795],[-169.3856,-14.1746],[-169.547,-14.1843],[-169.5992,-14.1054],[-169.7205,-14.1377],[-169.7228,-14.1894],[-169.6804,-14.2306],[-169.5668,-14.2215],[-169.5134,-14.3078],[-169.446,-14.3049]]]]},"properties":{"GEOID":"60","STUSAB":"AS","NAME":"American Samoa"}},{"type":"Feature","geometry":{"type":"Polygon","coordinates":[[[-72.0419,44.1567],[-72.0685,44.2708],[-72.0328,44.3205],[-71.8158,44.354],[-71.7945,44.399],[-71.7026,44.4135],[-71.577,44.5021],[-71.597,44.5595],[-71.5349,44.5879],[-71.632,44.7521],[-71.4949,44.9043],[-71.537,44.9935],[-71.465,45.0136],[-73.3432,45.0107],[-73.339,44.9177],[-73.3816,44.8494],[-73.3332,44.7888],[-73.3902,44.6184],[-73.2936,44.4389],[-73.335,44.3644],[-73.3127,44.2654],[-73.3906,44.1911],[-73.4379,44.0451],[-73.3742,43.8762],[-73.3925,43.8213],[-73.3508,43.7714],[-73.4312,43.5883],[-73.3958,43.5681],[-73.3719,43.6245],[-73.3064,43.6283],[-73.2973,43.5794],[-73.2416,43.535],[-73.2764,42.746],[-72.4584,42.7269],[-72.5155,42.7656],[-72.5571,42.8532],[-72.5338,42.9526],[-72.4433,43.0076],[-72.4678,43.0527],[-72.434,43.0845],[-72.4574,43.1475],[-72.4388,43.252],[-72.3953,43.3127],[-72.416,43.3765],[-72.38,43.49],[-72.3961,43.5234],[-72.3798,43.5742],[-72.3283,43.6011],[-72.2997,43.7061],[-72.2052,43.7709],[-72.1846,43.8641],[-72.0909,43.9658],[-72.117,43.9942],[-72.0318,44.0785],[-72.0419,44.1567]]]},"properties":{"GEOID":"50","STUSAB":"VT","NAME":"Vermont"}},{"type":"Feature","geometry":{"type":"Polygon","coordinates":[[[-72.5279,41.1778],[-72.0818,41.2622],[-71.8294,41.3424],[-71.8436,41.4053],[-71.7977,41.4167],[-71.7882,41.621],[-71.8007,42.0235],[-72.7559,42.0363],[-72.7667,42.0033],[-72.8171,41.9977],[-72.8138,42.0367],[-73.4873,42.0495],[-73.551,41.2954],[-73.4827,41.2128],[-73.7278,41.1007],[-73.6568,40.9845],[-73.6129,40.9509],[-72.5279,41.1778]]]},"properties":{"GEOID":"09","STUSAB":"CT","NAME":"Connecticut"}},{"type":"Feature","geometry":{"type":"Polygon","coordinates":[[[-75.5095,39.6865],[-75.4054,39.7964],[-75.5059,39.8348],[-75.6181,39.834],[-75.7886,39.7222],[-75.6937,38.4601],[-74.9863,38.4516],[-75.0161,38.7905],[-75.321,39.2514],[-75.5605,39.4556],[-75.512,39.5673],[-75.5588,39.63],[-75.5095,39.6865]]]},"properties":{"GEOID":"10","STUSAB":"DE","NAME":"Delaware"}},{"type":"Feature","geometry":{"type":"Polygon","coordinates":[[[-103.0647,32.3347],[-103.0417,36.5004],[-103.0023,36.5009],[-103.0023,37.0001],[-109.0452,36.999],[-109.05,31.3323],[-108.2085,31.3334],[-108.2085,31.7837],[-106.5279,31.7839],[-106.6359,31.8662],[-106.6185,32.0005],[-103.0645,32.0004],[-103.0647,32.3347]]]},"properties":{"GEOID":"35","STUSAB":"NM","NAME":"New Mexico"}},{"type":"Feature","geometry":{"type":"Polygon","coordinates":[[[-77.8998,36.5446],[-80.2941,36.544],[-81.6775,36.5881],[-81.7081,36.5357],[-81.695,36.4675],[-81.7419,36.4112],[-81.7075,36.3352],[-81.7931,36.3624],[-81.855,36.3372],[-82.0338,36.1205],[-82.1292,36.1041],[-82.1486,36.1499],[-82.2132,36.1591],[-82.3528,36.1165],[-82.558,35.9539],[-82.6107,35.9672],[-82.5908,36.0336],[-82.6372,36.0658],[-82.7758,36.0011],[-82.8051,35.9271],[-82.8743,35.9528],[-82.9198,35.9289],[-82.8962,35.8792],[-82.9921,35.7739],[-83.0743,35.7901],[-83.1596,35.7647],[-83.2515,35.7198],[-83.2982,35.6573],[-83.3508,35.6605],[-83.4985,35.5629],[-83.755,35.5646],[-83.8802,35.5188],[-84.0234,35.4116],[-84.0214,35.3014],[-84.0525,35.2702],[-84.1835,35.24],[-84.2241,35.269],[-84.2902,35.2254],[-84.3218,34.9884],[-83.1086,35.0007],[-82.7832,35.0859],[-82.7565,35.0674],[-82.6817,35.128],[-82.4399,35.1657],[-82.3921,35.2154],[-82.3712,35.1806],[-82.2911,35.2001],[-81.0343,35.1493],[-81.0415,35.0447],[-80.9347,35.1073],[-80.7819,34.9358],[-80.7975,34.8198],[-79.6765,34.8051],[-78.4993,33.8129],[-78.1454,33.8627],[-78.0666,33.848],[-77.9538,33.7529],[-77.8967,33.7875],[-77.8942,33.8787],[-77.7856,34.1252],[-77.6911,34.2457],[-77.5162,34.3824],[-77.1606,34.569],[-76.9046,34.6323],[-76.6928,34.643],[-76.6147,34.6183],[-76.5721,34.5425],[-76.5149,34.5351],[-76.3157,34.776],[-76.0326,35.0002],[-75.8077,35.1159],[-75.5954,35.1828],[-75.5192,35.1691],[-75.4709,35.2087],[-75.4024,35.5442],[-75.4114,35.6601],[-75.7091,36.245],[-75.7975,36.5509],[-77.8998,36.5446]]]},"properties":{"GEOID":"37","STUSAB":"NC","NAME":"North Carolina"}},{"type":"Feature","geometry":{"type":"Polygon","coordinates":[[[-89.5548,46.2279],[-90.1206,46.337],[-90.2166,46.5016],[-90.3166,46.5169],[-90.3322,46.5534],[-90.3933,46.5324],[-90.4184,46.5661],[-89.9571,47.2911],[-90.6547,47.3098],[-92.0203,46.704],[-92.0895,46.7492],[-92.1891,46.7175],[-92.2052,46.6983],[-92.1759,46.6865],[-92.2071,46.6519],[-92.2922,46.666],[-92.294,46.0744],[-92.3518,46.0157],[-92.4286,46.0242],[-92.4698,45.9736],[-92.5252,45.9839],[-92.7077,45.8949],[-92.7846,45.7642],[-92.8692,45.7176],[-92.8837,45.5755],[-92.7456,45.553],[-92.6465,45.4403],[-92.7048,45.3265],[-92.762,45.2882],[-92.7396,45.1156],[-92.8031,45.0616],[-92.7621,45.0243],[-92.7506,44.9373],[-92.8082,44.7511],[-92.5489,44.5683],[-92.3361,44.554],[-92.2309,44.4445],[-91.9668,44.364],[-91.9186,44.3227],[-91.8752,44.2006],[-91.5921,44.0314],[-91.4393,44.001],[-91.3666,43.9375],[-91.2441,43.7747],[-91.2733,43.6666],[-91.2174,43.5125],[-91.2148,43.3659],[-91.0579,43.2554],[-91.1779,43.1289],[-91.1448,42.906],[-91.1006,42.8831],[-91.0537,42.7382],[-90.9492,42.6856],[-90.7092,42.6361],[-90.6428,42.5085],[-87.0199,42.4935],[-87.1472,43.3799],[-87.1141,43.7341],[-87.0132,44.1319],[-86.6863,44.881],[-86.4999,45.0808],[-86.2495,45.2361],[-86.7542,45.4436],[-87.1011,45.4442],[-87.1712,45.3525],[-87.4057,45.202],[-87.4425,45.0764],[-87.66,45.1075],[-87.7418,45.1975],[-87.6481,45.3394],[-87.6574,45.3688],[-87.694,45.3899],[-87.7541,45.3494],[-87.8881,45.3547],[-87.8493,45.4039],[-87.8617,45.4345],[-87.7928,45.5],[-87.8337,45.5616],[-87.7772,45.5885],[-87.8244,45.6477],[-87.7822,45.6831],[-87.8769,45.7544],[-88.1301,45.8097],[-88.0698,45.8729],[-88.1013,45.8823],[-88.1025,45.9215],[-88.4894,45.9914],[-88.5147,46.02],[-88.6708,45.9885],[-88.6789,46.0136],[-88.816,46.0206],[-89.0916,46.1384],[-89.5548,46.2279]]]},"properties":{"GEOID":"55","STUSAB":"WI","NAME":"Wisconsin"}},{"type":"Feature","geometry":{"type":"Polygon","coordinates":[[[-121.4412,45.6973],[-121.5329,45.7265],[-121.8112,45.7067],[-121.983,45.6229],[-122.2626,45.5443],[-122.4387,45.5636],[-122.7638,45.6571],[-122.814,45.961],[-122.9041,46.0837],[-123.1159,46.1853],[-123.3714,46.1464],[-123.431,46.1816],[-123.4476,46.2498],[-123.5012,46.271],[-123.7414,46.2692],[-123.8726,46.235],[-124.0249,46.2991],[-124.036,46.2642],[-124.1595,46.2611],[-124.0507,46.1639],[-124.0028,46.0275],[-124.0919,45.9435],[-124.0377,45.8416],[-124.068,45.7503],[-124.0117,45.6767],[-124.0645,45.4676],[-124.0365,45.4133],[-124.077,45.3418],[-124.0424,45.2822],[-124.0448,45.166],[-124.1416,44.8334],[-124.1343,44.5832],[-124.2152,43.9538],[-124.3287,43.4998],[-124.3803,43.4028],[-124.4769,43.3294],[-124.4652,43.2003],[-124.5158,43.1248],[-124.5306,42.9998],[-124.7035,42.7704],[-124.6646,42.7205],[-124.5847,42.7193],[-124.5303,42.6323],[-124.4736,42.6147],[-124.4654,42.553],[-124.5695,42.4546],[-124.4942,42.3961],[-124.482,42.2241],[-124.375,42.0292],[-124.3288,41.9983],[-123.8109,41.9952],[-117.0262,41.9999],[-117.0326,43.8302],[-116.9615,43.9184],[-116.976,43.9751],[-116.9353,43.9886],[-116.9774,44.0854],[-116.8942,44.1623],[-116.9717,44.1973],[-116.976,44.2429],[-117.0514,44.2287],[-117.1042,44.2799],[-117.1981,44.2738],[-117.2227,44.2983],[-117.1898,44.3366],[-117.2429,44.3956],[-117.2151,44.4272],[-117.2251,44.4823],[-117.1492,44.5362],[-117.0623,44.7271],[-116.9347,44.7839],[-116.8524,44.8876],[-116.8263,44.9825],[-116.858,44.9773],[-116.8479,45.0226],[-116.7296,45.1421],[-116.6738,45.3215],[-116.5548,45.4629],[-116.5283,45.5515],[-116.4636,45.6028],[-116.5472,45.7517],[-116.6653,45.7821],[-116.7097,45.8257],[-116.7821,45.8251],[-116.9161,45.9954],[-118.9763,46.0004],[-119.1263,45.9328],[-119.6005,45.9195],[-119.67,45.8569],[-119.9658,45.8244],[-120.2108,45.7259],[-120.4826,45.6944],[-120.6351,45.7457],[-120.8958,45.6429],[-121.0645,45.6525],[-121.1456,45.6079],[-121.1965,45.6166],[-121.2158,45.6712],[-121.4412,45.6973]]]},"properties":{"GEOID":"41","STUSAB":"OR","NAME":"Oregon"}},{"type":"Feature","geometry":{"type":"Polygon","coordinates":[[[-95.9378,41.3908],[-95.92,41.4526],[-96.0136,41.4785],[-96.0,41.5395],[-96.0406,41.5069],[-96.0944,41.5395],[-96.0814,41.5779],[-96.1183,41.615],[-96.0952,41.6501],[-96.1226,41.683],[-96.0732,41.7041],[-96.1064,41.7378],[-96.0653,41.7972],[-96.1618,41.9018],[-96.1304,41.9729],[-96.2407,41.9994],[-96.2219,42.0296],[-96.2744,42.0492],[-96.2695,42.1142],[-96.3486,42.168],[-96.3599,42.2106],[-96.3289,42.2547],[-96.4178,42.3514],[-96.386,42.4745],[-96.5013,42.4827],[-96.5488,42.5205],[-96.6115,42.5061],[-96.7098,42.6051],[-96.6913,42.6562],[-96.7932,42.666],[-96.8062,42.7042],[-96.9068,42.7338],[-96.9616,42.7198],[-96.9791,42.7601],[-97.1303,42.7715],[-97.2101,42.8093],[-97.2188,42.8458],[-97.3067,42.8676],[-97.6865,42.8422],[-97.8454,42.8677],[-97.9348,42.7769],[-98.0131,42.7622],[-98.1471,42.8396],[-98.4441,42.9292],[-98.4986,42.9986],[-104.0532,43.0],[-104.0532,41.0014],[-102.0517,41.0024],[-102.0517,40.0031],[-95.3083,40.0],[-95.4151,40.0403],[-95.3933,40.1192],[-95.4792,40.1857],[-95.4787,40.2437],[-95.5525,40.2619],[-95.5622,40.2974],[-95.6573,40.3109],[-95.6227,40.3423],[-95.7,40.5053],[-95.6558,40.5466],[-95.7629,40.5284],[-95.7497,40.6068],[-95.8853,40.7211],[-95.8349,40.7802],[-95.8478,40.8643],[-95.8094,40.8933],[-95.8823,41.0594],[-95.8825,41.1559],[-95.8422,41.1774],[-95.928,41.2001],[-95.9276,41.2984],[-95.9028,41.2744],[-95.8719,41.3018],[-95.9553,41.3419],[-95.9378,41.3908]]]},"properties":{"GEOID":"31","STUSAB":"NE","NAME":"Nebraska"}},{"type":"Feature","geometry":{"type":"Polygon","coordinates":[[[-81.0954,31.521],[-81.0566,31.7149],[-81.0138,31.7286],[-80.783,31.996],[-80.8228,32.0342],[-80.9251,32.0419],[-81.0043,32.1024],[-81.0381,32.0837],[-81.1154,32.1147],[-81.114,32.1957],[-81.1566,32.2433],[-81.1196,32.2868],[-81.1285,32.3384],[-81.16,32.3405],[-81.2054,32.4233],[-81.1871,32.4641],[-81.2806,32.556],[-81.3668,32.5769],[-81.4187,32.6294],[-81.393,32.6515],[-81.4275,32.7019],[-81.418,32.8182],[-81.5024,32.9354],[-81.492,33.0091],[-81.7521,33.1485],[-81.7689,33.2174],[-81.8521,33.2473],[-81.8283,33.263],[-81.8632,33.2888],[-81.8473,33.3068],[-81.9397,33.3449],[-81.9452,33.4075],[-81.9097,33.412],[-81.9263,33.4629],[-81.9859,33.4865],[-82.0463,33.5638],[-82.1862,33.6209],[-82.2475,33.7526],[-82.3245,33.82],[-82.5568,33.9453],[-82.6424,34.0933],[-82.7175,34.1505],[-82.7468,34.2666],[-82.8345,34.3652],[-82.8588,34.4552],[-82.9016,34.4868],[-83.0346,34.4836],[-83.1597,34.6033],[-83.2326,34.6116],[-83.342,34.6818],[-83.3534,34.7284],[-83.3064,34.8157],[-83.1569,34.9308],[-83.1118,34.935],[-83.1034,34.9976],[-85.6052,34.9847],[-85.1844,32.8613],[-85.1223,32.7744],[-85.143,32.7599],[-85.1133,32.7358],[-85.1045,32.641],[-84.963,32.4242],[-85.0064,32.3268],[-84.8882,32.2597],[-85.0619,32.1329],[-85.0488,32.0217],[-85.1341,31.8922],[-85.1419,31.782],[-85.0414,31.5425],[-85.1146,31.2773],[-85.1075,31.1865],[-85.0356,31.1082],[-85.0057,30.9759],[-84.9344,30.8836],[-84.9201,30.766],[-84.8647,30.7115],[-82.2147,30.5686],[-82.2404,30.5378],[-82.2012,30.4851],[-82.1928,30.3791],[-82.0662,30.3558],[-82.0372,30.372],[-82.0054,30.5636],[-82.049,30.6553],[-82.0455,30.7279],[-82.0229,30.7877],[-81.9736,30.7787],[-81.9498,30.8278],[-81.6099,30.7159],[-81.347,30.7124],[-81.4005,30.7664],[-81.3048,30.9708],[-81.3534,31.0371],[-81.2902,31.0935],[-81.2964,31.1519],[-81.2343,31.1703],[-81.1877,31.2463],[-81.1908,31.3999],[-81.0954,31.521]]]},"properties":{"GEOID":"13","STUSAB":"GA","NAME":"Georgia"}},{"type":"Feature","geometry":{"type":"Polygon","coordinates":[[[-85.1273,31.7626],[-85.1341,31.8922],[-85.0488,32.0217],[-85.0619,32.1329],[-84.8882,32.2597],[-85.0064,32.3268],[-84.963,32.4242],[-85.1045,32.641],[-85.1133,32.7358],[-85.143,32.7599],[-85.1223,32.7744],[-85.1844,32.8613],[-85.6052,34.9847],[-88.203,35.008],[-88.1524,34.9197],[-88.0979,34.8922],[-88.4732,31.8939],[-88.3844,30.1585],[-88.3477,30.1901],[-88.162,30.2001],[-88.0461,30.1447],[-87.9874,30.1779],[-87.8072,30.1774],[-87.5183,30.2295],[-87.5184,30.2839],[-87.4501,30.3111],[-87.5026,30.3274],[-87.4611,30.3353],[-87.4296,30.4065],[-87.3669,30.4405],[-87.4504,30.5145],[-87.3949,30.6143],[-87.4065,30.6751],[-87.53,30.741],[-87.6347,30.8656],[-87.5988,30.9975],[-85.0025,31.0007],[-85.0356,31.1082],[-85.1075,31.1865],[-85.1146,31.2773],[-85.0413,31.541],[-85.0582,31.6202],[-85.1255,31.695],[-85.1273,31.7626]]]},"properties":{"GEOID":"01","STUSAB":"AL","NAME":"Alabama"}},{"type":"Feature","geometry":{"type":"Polygon","coordinates":[[[-111.5078,41.9996],[-114.0415,41.9939],[-114.0501,37.0002],[-109.0452,36.999],[-109.05,41.0007],[-111.0468,40.9979],[-111.0467,42.0017],[-111.5078,41.9996]]]},"properties":{"GEOID":"49","STUSAB":"UT","NAME":"Utah"}},{"type":"Feature","geometry":{"type":"Polygon","coordinates":[[[-80.5191,40.9003],[-80.5199,42.3271],[-81.2498,42.2164],[-82.3983,41.6765],[-82.6811,41.6763],[-83.0693,41.8642],[-83.1125,41.9594],[-83.4159,41.7338],[-84.806,41.6961],[-84.8202,39.1054],[-84.7434,39.1476],[-84.6075,39.0734],[-84.4525,39.1192],[-84.4264,39.0531],[-84.3061,39.0078],[-84.2131,38.8058],[-83.8694,38.7613],[-83.7691,38.6551],[-83.6689,38.6266],[-83.6255,38.6789],[-83.5211,38.7031],[-83.3578,38.6549],[-83.299,38.5974],[-83.2457,38.6286],[-83.1536,38.6188],[-83.0305,38.7258],[-82.8904,38.7563],[-82.8425,38.5889],[-82.6983,38.5438],[-82.5834,38.41],[-82.3303,38.4445],[-82.2913,38.579],[-82.1753,38.6071],[-82.2216,38.7872],[-82.1455,38.8397],[-82.1432,38.8981],[-82.0377,39.0239],[-81.9332,38.9877],[-81.903,38.8761],[-81.8274,38.9459],[-81.7627,38.9241],[-81.7643,39.0153],[-81.8139,39.0797],[-81.7461,39.097],[-81.7562,39.1805],[-81.6919,39.227],[-81.6836,39.2709],[-81.5702,39.2677],[-81.5575,39.3388],[-81.4561,39.4093],[-81.376,39.3417],[-81.2173,39.3876],[-80.9735,39.5884],[-80.8804,39.6207],[-80.8298,39.7118],[-80.8691,39.7664],[-80.7908,39.8673],[-80.8068,39.9163],[-80.7561,39.9134],[-80.7382,40.0786],[-80.5999,40.3177],[-80.6327,40.3905],[-80.5954,40.4753],[-80.6679,40.5829],[-80.6272,40.6199],[-80.519,40.6388],[-80.5191,40.9003]]]},"properties":{"GEOID":"39","STUSAB":"OH","NAME":"Ohio"}},{"type":"Feature","geometry":{"type":"Polygon","coordinates":[[[-95.7868,36.9993],[-103.0023,37.0001],[-103.0024,36.5004],[-100.0004,36.4997],[-100.0003,34.5604],[-99.9232,34.5746],[-99.695,34.3783],[-99.6,34.3747],[-99.5697,34.4184],[-99.4053,34.3729],[-99.3689,34.4585],[-99.3196,34.4089],[-99.2613,34.4035],[-99.2744,34.3843],[-99.2069,34.3383],[-99.1898,34.2144],[-99.0445,34.1981],[-98.9882,34.2213],[-98.757,34.1246],[-98.5998,34.1606],[-98.4863,34.0626],[-98.4144,34.0851],[-98.3656,34.157],[-98.1708,34.1142],[-98.1095,34.1541],[-98.0898,34.1282],[-98.1202,34.0721],[-98.0882,34.0055],[-97.9457,33.9898],[-97.9845,33.9007],[-97.9678,33.8822],[-97.8343,33.8576],[-97.6713,33.9916],[-97.5896,33.9536],[-97.5811,33.8997],[-97.4614,33.9052],[-97.4632,33.842],[-97.4268,33.8186],[-97.3687,33.8214],[-97.3319,33.8845],[-97.3321,33.8551],[-97.3092,33.8887],[-97.2556,33.8637],[-97.2109,33.9161],[-97.1666,33.8473],[-97.205,33.8189],[-97.1929,33.7604],[-97.1339,33.7181],[-97.0874,33.7411],[-97.0926,33.8042],[-97.0481,33.8175],[-97.0885,33.8518],[-97.0214,33.8464],[-96.9838,33.8909],[-96.9813,33.9564],[-96.9729,33.9357],[-96.9163,33.9578],[-96.8753,33.8605],[-96.7943,33.8689],[-96.7616,33.8244],[-96.6996,33.839],[-96.6672,33.9169],[-96.5879,33.8948],[-96.6293,33.8455],[-96.532,33.824],[-96.501,33.7728],[-96.4235,33.7764],[-96.3469,33.6862],[-96.2937,33.7694],[-96.1866,33.755],[-96.1492,33.8371],[-96.0171,33.8415],[-96.0029,33.8736],[-95.9514,33.8573],[-95.9251,33.8849],[-95.8304,33.8348],[-95.8156,33.8599],[-95.758,33.8496],[-95.7522,33.8946],[-95.6328,33.9048],[-95.5941,33.9431],[-95.5542,33.927],[-95.5441,33.8806],[-95.2889,33.8731],[-95.2169,33.9627],[-95.1247,33.9347],[-95.1209,33.9045],[-95.0801,33.921],[-95.0896,33.8809],[-95.0668,33.9171],[-95.0466,33.8626],[-94.9702,33.8618],[-94.8675,33.7449],[-94.822,33.7329],[-94.8207,33.769],[-94.8028,33.7327],[-94.763,33.7598],[-94.7886,33.7357],[-94.7334,33.7252],[-94.7359,33.6916],[-94.734,33.7157],[-94.7016,33.7029],[-94.7162,33.6879],[-94.6437,33.7015],[-94.6686,33.6638],[-94.5879,33.6863],[-94.5603,33.6666],[-94.5905,33.6451],[-94.5426,33.654],[-94.569,33.6275],[-94.4915,33.6251],[-94.431,35.3932],[-94.6179,36.4994],[-94.618,36.9989],[-95.7868,36.9993]]]},"properties":{"GEOID":"40","STUSAB":"OK","NAME":"Oklahoma"}},{"type":"Feature","geometry":{"type":"Polygon","coordinates":[[[-83.9876,36.5895],[-86.4934,36.6522],[-87.8533,36.6332],[-87.8495,36.6637],[-88.0705,36.6783],[-88.0326,36.5421],[-88.0533,36.4971],[-89.301,36.5072],[-89.4182,36.499],[-89.4719,36.4576],[-89.4854,36.4975],[-89.5392,36.4979],[-89.5132,36.3599],[-89.6203,36.323],[-89.5347,36.2526],[-89.7055,36.239],[-89.5922,36.1501],[-89.7331,36.0008],[-89.6443,35.9209],[-89.6446,35.8874],[-89.7445,35.9107],[-89.7729,35.8656],[-89.6986,35.8187],[-89.7817,35.8052],[-89.8255,35.7452],[-89.9075,35.7593],[-89.9578,35.7274],[-89.9255,35.6582],[-89.8513,35.6576],[-89.9576,35.5885],[-89.9046,35.5193],[-90.0313,35.5543],[-90.0483,35.5042],[-90.0027,35.43],[-90.0543,35.3893],[-90.0683,35.4671],[-90.1075,35.477],[-90.1793,35.3853],[-90.1357,35.3767],[-90.1293,35.4138],[-90.0797,35.3839],[-90.11,35.305],[-90.1689,35.2797],[-90.0911,35.245],[-90.0758,35.2131],[-90.1172,35.1883],[-90.0667,35.138],[-90.1626,35.1248],[-90.2068,35.026],[-90.2923,35.0414],[-90.3101,35.0007],[-84.3218,34.9884],[-84.2902,35.2254],[-84.2241,35.269],[-84.1835,35.24],[-84.0525,35.2702],[-84.0214,35.3014],[-84.0234,35.4116],[-83.8802,35.5188],[-83.755,35.5646],[-83.4985,35.5629],[-83.3508,35.6605],[-83.2982,35.6573],[-83.2515,35.7198],[-83.1596,35.7647],[-83.0743,35.7901],[-82.9921,35.7739],[-82.8962,35.8792],[-82.9198,35.9289],[-82.8743,35.9528],[-82.8051,35.9271],[-82.7758,36.0011],[-82.6372,36.0658],[-82.5908,36.0336],[-82.6107,35.9672],[-82.558,35.9539],[-82.3528,36.1165],[-82.2132,36.1591],[-82.1486,36.1499],[-82.1292,36.1041],[-82.0338,36.1205],[-81.855,36.3372],[-81.7931,36.3624],[-81.7075,36.3352],[-81.7417,36.4124],[-81.695,36.4675],[-81.708,36.5358],[-81.6469,36.6119],[-83.9876,36.5895]]]},"properties":{"GEOID":"47","STUSAB":"TN","NAME":"Tennessee"}},{"type":"Feature","geometry":{"type":"Polygon","coordinates":[[[-106.3212,40.9991],[-104.0532,41.0014],[-104.0579,44.9976],[-111.0546,45.001],[-111.0468,40.9979],[-106.3212,40.9991]]]},"properties":{"GEOID":"56","STUSAB":"WY","NAME":"Wyoming"}},{"type":"Feature","geometry":{"type":"Polygon","coordinates":[[[-71.2551,42.7366],[-71.2946,42.697],[-73.2648,42.7459],[-73.5082,42.0861],[-73.497,42.0496],[-72.8138,42.0367],[-72.8171,41.9977],[-72.7667,42.0033],[-72.7559,42.0363],[-71.3814,42.0188],[-71.3815,41.8935],[-71.3388,41.8986],[-71.3405,41.797],[-71.1955,41.6751],[-71.1326,41.6604],[-71.1211,41.4928],[-71.0886,41.4313],[-71.0336,41.4141],[-70.9907,41.3513],[-70.896,41.3701],[-70.8663,41.2154],[-70.7836,41.2012],[-70.7031,41.289],[-70.5718,41.3001],[-70.4599,41.2653],[-70.3441,41.2761],[-70.1097,41.1898],[-69.9158,41.2209],[-69.8949,41.2904],[-70.0065,41.4339],[-70.0944,41.4308],[-70.1165,41.3951],[-70.0978,41.3536],[-70.1379,41.3464],[-70.2673,41.3934],[-70.3834,41.3699],[-70.3929,41.4455],[-70.4897,41.463],[-70.5086,41.499],[-70.3952,41.5567],[-70.2495,41.5601],[-70.0779,41.6125],[-70.0634,41.5902],[-70.1267,41.5037],[-70.0849,41.4675],[-70.0237,41.4719],[-69.929,41.5322],[-69.8591,41.7365],[-69.9177,41.9592],[-70.0403,42.0916],[-70.1725,42.1345],[-70.2774,42.1143],[-70.6084,42.1385],[-70.6429,42.1782],[-70.6401,42.2284],[-70.6904,42.279],[-70.6063,42.5312],[-70.5021,42.6246],[-70.5297,42.707],[-70.7143,42.7319],[-70.735,42.8747],[-70.8477,42.8609],[-70.9035,42.8868],[-71.0312,42.8591],[-71.0644,42.8063],[-71.1666,42.8089],[-71.1818,42.7373],[-71.2551,42.7366]]]},"properties":{"GEOID":"25","STUSAB":"MA","NAME":"Massachusetts"}},{"type":"Feature","geometry":{"type":"Polygon","coordinates":[[[-76.9159,36.5521],[-75.7975,36.5509],[-75.9283,36.9382],[-75.8897,37.0545],[-75.766,37.1549],[-75.7155,37.2757],[-75.6444,37.3423],[-75.5299,37.5567],[-75.5418,37.6061],[-75.4609,37.7714],[-75.4171,37.821],[-75.3031,37.8382],[-75.1664,38.0278],[-75.6244,37.9942],[-75.6477,37.947],[-75.7046,37.9547],[-75.8012,37.9122],[-75.9527,37.9068],[-75.9437,37.9461],[-76.052,37.9536],[-76.2365,37.8866],[-76.5166,38.0268],[-76.6054,38.1489],[-76.8394,38.1636],[-76.949,38.2084],[-76.9621,38.257],[-77.0281,38.3053],[-77.0115,38.3744],[-77.0415,38.4007],[-77.1632,38.3458],[-77.2766,38.3379],[-77.3229,38.4326],[-77.3106,38.494],[-77.2464,38.5934],[-77.1297,38.6347],[-77.1226,38.6853],[-77.0439,38.7177],[-77.0417,38.8725],[-77.1472,38.9644],[-77.245,38.9827],[-77.2484,39.0266],[-77.457,39.0734],[-77.5201,39.1209],[-77.5176,39.1694],[-77.4577,39.225],[-77.5666,39.306],[-77.7307,39.3156],[-77.8283,39.1324],[-78.3471,39.466],[-78.3669,39.3593],[-78.3393,39.3486],[-78.4387,39.1981],[-78.4037,39.1675],[-78.5719,39.032],[-78.5505,39.0181],[-78.6017,38.9646],[-78.6278,38.9818],[-78.6974,38.9144],[-78.7193,38.9052],[-78.7171,38.936],[-78.786,38.8872],[-78.8693,38.763],[-78.9998,38.8462],[-79.0855,38.7246],[-79.0928,38.6598],[-79.1298,38.655],[-79.2106,38.4929],[-79.2829,38.4181],[-79.4766,38.4572],[-79.5369,38.5509],[-79.6492,38.5914],[-79.7256,38.3638],[-79.8102,38.3067],[-79.7889,38.2687],[-79.9201,38.1825],[-79.9453,38.1322],[-79.9264,38.1065],[-79.9994,37.9949],[-80.1622,37.8751],[-80.2959,37.6928],[-80.221,37.6278],[-80.3285,37.5643],[-80.3304,37.5363],[-80.2824,37.5335],[-80.3093,37.5029],[-80.4755,37.423],[-80.5114,37.4817],[-80.552,37.4736],[-80.7701,37.3724],[-80.8595,37.4295],[-80.8832,37.3839],[-80.8495,37.3469],[-80.8992,37.3157],[-81.2251,37.2349],[-81.3653,37.3378],[-81.416,37.2736],[-81.4991,37.258],[-81.5547,37.208],[-81.6782,37.2015],[-81.7571,37.2761],[-81.8499,37.2852],[-81.9285,37.3605],[-81.9356,37.4384],[-81.9961,37.4715],[-81.9262,37.5136],[-81.968,37.538],[-82.349,37.268],[-82.7214,37.1208],[-82.7224,37.0449],[-82.8675,36.978],[-82.8787,36.8895],[-83.0728,36.8545],[-83.1351,36.7426],[-83.5301,36.666],[-83.6754,36.6008],[-81.6469,36.6119],[-81.6775,36.5881],[-80.1222,36.5426],[-76.9159,36.5521]]]},"properties":{"GEOID":"51","STUSAB":"VA","NAME":"Virginia"}},{"type":"Feature","geometry":{"type":"Polygon","coordinates":[[[-77.1198,38.9343],[-77.0395,38.8697],[-77.039,38.7916],[-76.9094,38.8929],[-77.0409,38.9958],[-77.1198,38.9343]]]},"properties":{"GEOID":"11","STUSAB":"DC","NAME":"District of Columbia"}},{"type":"Feature","geometry":{"type":"Polygon","coordinates":[[[-95.8609,43.5],[-96.5992,43.5005],[-96.5941,43.4338],[-96.5217,43.3859],[-96.527,43.3052],[-96.5885,43.2962],[-96.5857,43.2694],[-96.5527,43.2581],[-96.5593,43.2229],[-96.4767,43.2219],[-96.4365,43.1202],[-96.4607,43.0643],[-96.5213,43.0397],[-96.492,43.0102],[-96.5208,42.9803],[-96.499,42.9578],[-96.5413,42.9239],[-96.5503,42.8375],[-96.5815,42.8377],[-96.6395,42.7369],[-96.5157,42.6297],[-96.4765,42.4901],[-96.386,42.4745],[-96.4178,42.3514],[-96.3289,42.2547],[-96.3497,42.1707],[-96.2695,42.1142],[-96.2725,42.0462],[-96.2238,42.0333],[-96.2365,41.9964],[-96.1946,42.0087],[-96.1872,41.9779],[-96.1295,41.9717],[-96.1618,41.9018],[-96.0648,41.7944],[-96.1064,41.738],[-96.0732,41.7041],[-96.1226,41.683],[-96.0952,41.6501],[-96.1183,41.615],[-96.0814,41.5779],[-96.0951,41.5411],[-96.0406,41.5069],[-96.0051,41.5433],[-96.0136,41.4785],[-95.9212,41.4551],[-95.9571,41.3459],[-95.8711,41.2967],[-95.9028,41.2744],[-95.9276,41.2984],[-95.9273,41.1971],[-95.8416,41.1755],[-95.8825,41.1559],[-95.8823,41.0594],[-95.8095,40.8912],[-95.8486,40.8611],[-95.8352,40.7792],[-95.8889,40.7319],[-95.7763,40.6475],[-95.7656,40.5852],[-94.2705,40.5715],[-91.7291,40.6136],[-91.6887,40.5574],[-91.6201,40.5408],[-91.5747,40.4657],[-91.5251,40.4578],[-91.5264,40.4134],[-91.4832,40.3825],[-91.3916,40.384],[-91.3639,40.4981],[-91.4052,40.5546],[-91.3397,40.6135],[-91.1239,40.6692],[-91.093,40.8211],[-90.9522,40.954],[-90.9466,41.0966],[-91.1137,41.2414],[-91.0459,41.4141],[-90.6558,41.4621],[-90.5562,41.5242],[-90.4614,41.5235],[-90.3432,41.5878],[-90.31,41.7434],[-90.181,41.8094],[-90.1401,42.0033],[-90.1675,42.1225],[-90.3932,42.2272],[-90.4439,42.3552],[-90.6545,42.4792],[-90.636,42.5187],[-90.7063,42.6342],[-90.9492,42.6856],[-91.0651,42.7513],[-91.1006,42.8831],[-91.1456,42.908],[-91.1795,43.0674],[-91.1753,43.1347],[-91.0579,43.2554],[-91.1072,43.3136],[-91.2066,43.3525],[-91.2177,43.5006],[-95.8609,43.5]]]},"properties":{"GEOID":"19","STUSAB":"IA","NAME":"Iowa"}},{"type":"Feature","geometry":{"type":"Polygon","coordinates":[[[-110.7507,37.003],[-114.0506,37.0002],[-114.0439,36.1934],[-114.1209,36.1108],[-114.1371,36.0385],[-114.2439,36.0153],[-114.4056,36.147],[-114.445,36.1253],[-114.6305,36.1422],[-114.7545,36.0862],[-114.7221,36.029],[-114.7405,35.9755],[-114.6616,35.8712],[-114.7059,35.8505],[-114.712,35.8055],[-114.6895,35.6514],[-114.6535,35.6097],[-114.6786,35.4976],[-114.6046,35.3552],[-114.5693,35.1834],[-114.5783,35.1288],[-114.6468,35.1019],[-114.6029,35.0686],[-114.6375,35.0271],[-114.6352,34.875],[-114.4705,34.7114],[-114.4368,34.5961],[-114.3808,34.5297],[-114.3867,34.4579],[-114.1769,34.3493],[-114.1312,34.2627],[-114.4159,34.1076],[-114.4383,34.0226],[-114.5355,33.9347],[-114.5079,33.9038],[-114.528,33.815],[-114.4942,33.7079],[-114.5315,33.6751],[-114.5242,33.5531],[-114.6433,33.4167],[-114.7253,33.405],[-114.698,33.3524],[-114.7312,33.3024],[-114.6721,33.2585],[-114.7065,33.0882],[-114.6623,33.0327],[-114.5113,33.0235],[-114.4684,32.9707],[-114.469,32.8452],[-114.5392,32.7498],[-114.7029,32.7448],[-114.8084,32.6194],[-114.8137,32.4941],[-111.075,31.3323],[-109.05,31.3323],[-109.0452,36.999],[-110.7507,37.003]]]},"properties":{"GEOID":"04","STUSAB":"AZ","NAME":"Arizona"}},{"type":"Feature","geometry":{"type":"Polygon","coordinates":[[[-98.4235,34.0828],[-98.487,34.0629],[-98.5998,34.1606],[-98.757,34.1246],[-98.9882,34.2213],[-99.0445,34.1981],[-99.1883,34.2139],[-99.2069,34.3383],[-99.359,34.4558],[-99.3952,34.442],[-99.4053,34.3729],[-99.5697,34.4184],[-99.6,34.3747],[-99.6945,34.3782],[-99.9232,34.5746],[-100.0003,34.5604],[-100.0004,36.4997],[-103.0417,36.5004],[-103.0645,32.0004],[-106.6185,32.0005],[-106.6395,31.9803],[-106.6129,31.9204],[-106.6456,31.8953],[-106.6028,31.825],[-106.4912,31.7493],[-106.4521,31.7645],[-106.38,31.7311],[-106.2066,31.4663],[-105.9539,31.3649],[-105.773,31.1668],[-105.6044,31.0837],[-105.5579,30.9904],[-105.4003,30.8895],[-105.3998,30.8521],[-105.2572,30.7944],[-105.215,30.8059],[-105.0618,30.6858],[-105.0066,30.6861],[-104.9717,30.61],[-104.9227,30.6037],[-104.8666,30.4945],[-104.8593,30.3903],[-104.7063,30.2348],[-104.6833,29.9291],[-104.5659,29.7715],[-104.5085,29.6327],[-104.3382,29.5202],[-104.21,29.4822],[-104.1674,29.3947],[-104.0375,29.3197],[-103.7836,29.2653],[-103.7771,29.2205],[-103.7585,29.2329],[-103.7186,29.1808],[-103.5537,29.158],[-103.4714,29.0667],[-103.3865,29.0216],[-103.3306,29.0432],[-103.287,28.9782],[-103.1168,28.9844],[-103.1006,29.0603],[-103.0339,29.101],[-102.9956,29.1793],[-102.9509,29.1736],[-102.8675,29.2239],[-102.9064,29.2601],[-102.8844,29.3479],[-102.8124,29.4005],[-102.8334,29.4105],[-102.8083,29.5229],[-102.674,29.7446],[-102.6304,29.7342],[-102.5677,29.7715],[-102.548,29.7446],[-102.4873,29.7866],[-102.3872,29.7614],[-102.3646,29.8453],[-102.3159,29.88],[-102.0732,29.7865],[-101.9763,29.816],[-101.9293,29.7826],[-101.8527,29.8078],[-101.8237,29.7874],[-101.8178,29.8116],[-101.8051,29.7804],[-101.6446,29.7542],[-101.5758,29.7693],[-101.5448,29.8119],[-101.536,29.759],[-101.4609,29.7897],[-101.4489,29.7507],[-101.4023,29.7712],[-101.4156,29.7465],[-101.3613,29.6501],[-101.3025,29.6504],[-101.3055,29.5779],[-101.2504,29.6242],[-101.2549,29.5203],[-101.0602,29.4587],[-101.01,29.3683],[-100.814,29.2631],[-100.7726,29.1684],[-100.6752,29.1007],[-100.6406,28.9142],[-100.5354,28.8052],[-100.5004,28.662],[-100.3985,28.5852],[-100.3883,28.5149],[-100.3338,28.4993],[-100.3683,28.4772],[-100.2914,28.2754],[-100.2203,28.2322],[-100.2081,28.1904],[-100.0843,28.1448],[-99.9914,27.9946],[-99.9318,27.981],[-99.8768,27.7978],[-99.8131,27.774],[-99.7115,27.6584],[-99.5962,27.6399],[-99.5848,27.6039],[-99.5549,27.6145],[-99.5121,27.5683],[-99.5284,27.4986],[-99.4793,27.4786],[-99.5046,27.3387],[-99.538,27.317],[-99.4415,27.2499],[-99.4457,27.0218],[-99.2686,26.8432],[-99.2089,26.7248],[-99.1712,26.542],[-99.1049,26.5004],[-99.1135,26.4325],[-99.0851,26.3988],[-98.9742,26.4011],[-98.9422,26.3697],[-98.9259,26.3944],[-98.8967,26.3533],[-98.8073,26.3694],[-98.6707,26.237],[-98.623,26.2599],[-98.4818,26.2008],[-98.4439,26.2242],[-98.3869,26.1579],[-98.3357,26.1659],[-98.3057,26.1031],[-98.266,26.1208],[-98.2882,26.1045],[-98.1943,26.0532],[-98.0804,26.0711],[-98.0765,26.0363],[-98.028,26.067],[-97.8614,26.0701],[-97.7371,26.0215],[-97.6626,26.0381],[-97.5214,25.8863],[-97.3731,25.8398],[-97.3748,25.9085],[-97.2767,25.9353],[-97.285,25.9591],[-97.0897,25.9608],[-97.1252,26.2483],[-97.3004,26.8346],[-97.3198,27.11],[-97.1998,27.5003],[-96.9595,27.8753],[-96.7463,28.0796],[-96.3753,28.2908],[-96.2355,28.4215],[-95.3298,28.8287],[-95.1065,29.0149],[-95.0864,29.0682],[-94.7133,29.2825],[-94.6504,29.2919],[-94.6239,29.3431],[-94.6503,29.3828],[-94.6252,29.3977],[-94.0336,29.625],[-93.8144,29.5966],[-93.8374,29.6899],[-93.928,29.8096],[-93.6995,30.0586],[-93.7341,30.0861],[-93.6882,30.1414],[-93.7213,30.2096],[-93.7046,30.2899],[-93.7658,30.3327],[-93.7577,30.3904],[-93.6976,30.4422],[-93.7077,30.5213],[-93.7403,30.5396],[-93.6789,30.5936],[-93.683,30.6413],[-93.6299,30.6799],[-93.6143,30.7602],[-93.5544,30.8235],[-93.5741,30.8845],[-93.526,30.9375],[-93.5782,31.0],[-93.508,31.0315],[-93.5637,31.0945],[-93.5325,31.1833],[-93.5891,31.1659],[-93.6203,31.271],[-93.6873,31.3061],[-93.6392,31.372],[-93.671,31.3662],[-93.7039,31.4555],[-93.7495,31.4687],[-93.711,31.5122],[-93.7877,31.5273],[-93.8349,31.5862],[-93.7945,31.7033],[-93.8369,31.7502],[-93.8234,31.7751],[-93.8733,31.8149],[-93.9006,31.8968],[-93.9312,31.8915],[-94.0422,31.9936],[-94.0433,33.5516],[-94.0734,33.5549],[-94.0726,33.5844],[-94.1268,33.5506],[-94.1838,33.5947],[-94.2173,33.5802],[-94.1954,33.5552],[-94.2507,33.5571],[-94.2425,33.5897],[-94.2773,33.5573],[-94.2874,33.5826],[-94.3095,33.5516],[-94.3868,33.5451],[-94.3826,33.5833],[-94.4096,33.5683],[-94.4712,33.6019],[-94.4487,33.6427],[-94.5277,33.6159],[-94.5218,33.6407],[-94.57,33.6285],[-94.5481,33.6603],[-94.5905,33.6451],[-94.5603,33.6666],[-94.5879,33.6863],[-94.6549,33.6599],[-94.6437,33.7015],[-94.7162,33.6879],[-94.7016,33.7029],[-94.734,33.7157],[-94.7359,33.6916],[-94.7334,33.7252],[-94.7886,33.7357],[-94.763,33.7598],[-94.8034,33.7327],[-94.8234,33.7692],[-94.8204,33.7338],[-94.8607,33.7419],[-94.9702,33.8618],[-95.0466,33.8626],[-95.0668,33.9171],[-95.0896,33.8809],[-95.0801,33.921],[-95.1209,33.9045],[-95.1247,33.9347],[-95.2167,33.9627],[-95.2889,33.8731],[-95.5441,33.8806],[-95.5542,33.927],[-95.5941,33.9431],[-95.6328,33.9048],[-95.7522,33.8946],[-95.758,33.8496],[-95.8156,33.8599],[-95.8304,33.8348],[-95.9251,33.8849],[-95.9514,33.8573],[-96.0029,33.8736],[-96.0171,33.8415],[-96.1492,33.8371],[-96.1866,33.755],[-96.2937,33.7694],[-96.3469,33.6862],[-96.4235,33.7764],[-96.501,33.7728],[-96.532,33.824],[-96.6281,33.8446],[-96.5855,33.8913],[-96.6599,33.9167],[-96.7008,33.8379],[-96.7616,33.8244],[-96.7943,33.8689],[-96.8707,33.8565],[-96.9177,33.9586],[-96.9879,33.9547],[-96.9847,33.8887],[-97.0394,33.8379],[-97.088,33.8526],[-97.0481,33.8175],[-97.0926,33.8042],[-97.0865,33.7433],[-97.1255,33.7171],[-97.1926,33.7597],[-97.205,33.8189],[-97.1666,33.8473],[-97.2103,33.9159],[-97.2556,33.8637],[-97.3092,33.8887],[-97.3321,33.8551],[-97.3319,33.8845],[-97.3687,33.8214],[-97.4268,33.8186],[-97.4632,33.842],[-97.4614,33.9052],[-97.5811,33.8997],[-97.5896,33.9536],[-97.6713,33.9916],[-97.8715,33.8491],[-97.9844,33.898],[-97.9465,33.9907],[-98.0882,34.0055],[-98.1202,34.0721],[-98.0905,34.1225],[-98.1088,34.1538],[-98.1708,34.1142],[-98.3656,34.157],[-98.4235,34.0828]]]},"properties":{"GEOID":"48","STUSAB":"TX","NAME":"Texas"}},{"type":"Feature","geometry":{"type":"MultiPolygon","coordinates":[[[[-155.03,19.7921],[-155.0468,19.8977],[-155.2524,20.0634],[-155.5821,20.1813],[-155.7929,20.3093],[-155.9176,20.2997],[-155.9577,20.1676],[-155.8843,20.0183],[-155.9624,19.9092],[-156.0957,19.815],[-156.12,19.7272],[-156.0786,19.625],[-156.0303,19.5875],[-155.9432,19.3442],[-155.9745,19.1127],[-155.9259,19.0082],[-155.74,18.9169],[-155.706,18.8703],[-155.649,18.8705],[-155.5575,18.9434],[-155.4949,19.0716],[-155.3914,19.1444],[-155.2684,19.2195],[-155.1756,19.2114],[-155.0,19.282],[-154.8103,19.4161],[-154.7593,19.5365],[-154.8868,19.625],[-154.9638,19.7692],[-155.03,19.7921]]],[[[-178.4436,28.419],[-178.375,28.3354],[-178.2889,28.3288],[-178.233,28.375],[-178.2385,28.4561],[-178.3151,28.5163],[-178.3958,28.5],[-178.4436,28.419]]],[[[-161.9876,23.0699],[-161.9761,23.0256],[-161.9319,23.0053],[-161.875,23.0192],[-161.8581,23.0608],[-161.9194,23.114],[-161.9876,23.0699]]],[[[-164.7648,23.5817],[-164.75,23.5361],[-164.7013,23.517],[-164.64,23.5761],[-164.6889,23.6234],[-164.7648,23.5817]]],[[[-166.3865,23.8464],[-166.3136,23.8037],[-166.3026,23.7287],[-166.2268,23.7274],[-166.2111,23.5998],[-166.1168,23.6113],[-166.133,23.6847],[-166.1068,23.7425],[-166.1823,23.9023],[-166.3071,23.9249],[-166.3805,23.884],[-166.3865,23.8464]]],[[[-168.0582,25.0],[-168.0,24.9481],[-167.9442,24.9898],[-168.0,25.0522],[-168.0582,25.0]]],[[[-170.6846,25.5063],[-170.6297,25.4557],[-170.5732,25.5051],[-170.6308,25.5571],[-170.6846,25.5063]]],[[[-171.8096,25.7814],[-171.7375,25.7065],[-171.6869,25.7279],[-171.6679,25.7812],[-171.6883,25.8238],[-171.75,25.8379],[-171.8096,25.7814]]],[[[-174.0674,26.0596],[-174.0461,26.0023],[-174.0,25.9902],[-173.9034,26.0601],[-173.9291,26.1201],[-174.0071,26.1371],[-174.0525,26.113],[-174.0674,26.0596]]],[[[-176.0434,27.7959],[-175.9696,27.6934],[-175.7461,27.7327],[-175.6656,27.875],[-175.6701,27.9416],[-175.7349,28.0],[-175.8101,28.0059],[-175.9814,27.9132],[-175.9889,27.8619],[-175.9243,27.8137],[-176.0,27.8353],[-176.0434,27.7959]]],[[[-158.3446,21.5832],[-158.1348,21.2424],[-157.8987,21.2499],[-157.8102,21.1992],[-157.6758,21.2138],[-157.6009,21.2829],[-157.6505,21.4851],[-157.7619,21.5264],[-157.9418,21.7546],[-158.0501,21.7399],[-158.1488,21.642],[-158.3119,21.6218],[-158.3446,21.5832]]],[[[-156.8712,21.2319],[-156.9713,21.2744],[-157.0302,21.2439],[-157.2722,21.2766],[-157.3665,21.101],[-157.3212,21.0507],[-157.0776,21.0584],[-156.8779,20.9934],[-156.6577,21.1149],[-156.6865,21.2105],[-156.8712,21.2319]]],[[[-157.1162,20.9028],[-157.0481,20.8205],[-157.0273,20.7287],[-156.9738,20.6868],[-156.817,20.7198],[-156.75,20.8076],[-156.8233,20.9308],[-156.9051,20.9759],[-157.0495,20.979],[-157.1162,20.9028]]],[[[-156.4596,20.9762],[-156.4907,21.0354],[-156.591,21.0924],[-156.6704,21.0767],[-156.7322,21.0109],[-156.7524,20.9241],[-156.7286,20.8517],[-156.625,20.75],[-156.5119,20.7354],[-156.4957,20.6916],[-156.7336,20.5818],[-156.75,20.4543],[-156.5335,20.463],[-156.4834,20.5132],[-156.4845,20.5791],[-156.375,20.529],[-156.1353,20.5698],[-156.0259,20.6063],[-155.9496,20.6768],[-155.9268,20.7817],[-155.959,20.875],[-156.0323,20.8599],[-156.2686,21.0038],[-156.4596,20.9762]]],[[[-160.3044,21.8538],[-160.2658,21.7462],[-160.1773,21.7356],[-160.122,21.825],[-160.031,21.8694],[-159.9972,21.9925],[-160.0567,22.0683],[-160.125,22.0811],[-160.174,21.9915],[-160.2799,21.9206],[-160.3044,21.8538]]],[[[-160.6009,21.6582],[-160.5462,21.6004],[-160.4829,21.6403],[-160.5317,21.712],[-160.6009,21.6582]]],[[[-159.2729,22.0366],[-159.25,22.1758],[-159.3088,22.25],[-159.4029,22.2905],[-159.5964,22.278],[-159.75,22.1994],[-159.8377,22.0942],[-159.851,22.0271],[-159.7936,21.9398],[-159.6313,21.8467],[-159.4495,21.8174],[-159.308,21.9087],[-159.2729,22.0366]]]]},"properties":{"GEOID":"15","STUSAB":"HI","NAME":"Hawaii"}},{"type":"Feature","geometry":{"type":"Polygon","coordinates":[[[-98.9998,49.0],[-104.0487,48.9999],[-104.0455,45.9453],[-96.5637,45.9352],[-96.5544,46.0841],[-96.5927,46.1752],[-96.5994,46.33],[-96.7219,46.4398],[-96.7473,46.582],[-96.7982,46.6296],[-96.7755,46.7668],[-96.8028,46.8117],[-96.7527,46.9235],[-96.7915,46.9277],[-96.8395,47.0067],[-96.8127,47.0386],[-96.8412,47.1519],[-96.8216,47.1843],[-96.8448,47.1936],[-96.8288,47.328],[-96.8582,47.3675],[-96.8375,47.3895],[-96.8718,47.419],[-96.851,47.5985],[-96.9349,47.7672],[-96.9916,47.8082],[-96.9741,47.8235],[-97.0553,47.9475],[-97.0723,48.0481],[-97.1465,48.1422],[-97.121,48.1596],[-97.1475,48.1706],[-97.1393,48.2168],[-97.1178,48.2098],[-97.1522,48.2196],[-97.1207,48.2248],[-97.145,48.2688],[-97.1122,48.2965],[-97.1563,48.3656],[-97.1333,48.3822],[-97.1634,48.3929],[-97.1226,48.4179],[-97.1506,48.4408],[-97.1282,48.4744],[-97.1627,48.4778],[-97.1268,48.5202],[-97.1754,48.562],[-97.0903,48.6844],[-97.1816,48.7985],[-97.1581,48.8103],[-97.1903,48.8151],[-97.1778,48.8756],[-97.234,48.9474],[-97.229,49.0005],[-98.9998,49.0]]]},"properties":{"GEOID":"38","STUSAB":"ND","NAME":"North Dakota"}},{"type":"Feature","geometry":{"type":"MultiPolygon","coordinates":[[[[-82.5654,37.1961],[-82.349,37.268],[-81.9649,37.5429],[-82.1321,37.5524],[-82.1751,37.6478],[-82.2145,37.6254],[-82.3043,37.6761],[-82.3342,37.7428],[-82.3115,37.7646],[-82.4013,37.8095],[-82.4199,37.8849],[-82.5022,37.9331],[-82.4646,37.9839],[-82.5192,38.0011],[-82.6445,38.1652],[-82.6116,38.1713],[-82.6122,38.2363],[-82.5745,38.2645],[-82.6036,38.4592],[-82.6983,38.5438],[-82.8425,38.5889],[-82.8795,38.7513],[-83.0277,38.7272],[-83.151,38.62],[-83.2457,38.6286],[-83.2932,38.5967],[-83.3628,38.6572],[-83.5209,38.7031],[-83.6255,38.6789],[-83.6684,38.6265],[-83.7691,38.6551],[-83.8694,38.7613],[-84.2131,38.8058],[-84.3061,39.0078],[-84.4264,39.0531],[-84.4525,39.1192],[-84.6183,39.0733],[-84.75,39.1477],[-84.8974,39.0574],[-84.83,38.9726],[-84.8772,38.9094],[-84.7853,38.8804],[-84.83,38.8301],[-84.8138,38.7851],[-84.9919,38.7783],[-85.1732,38.688],[-85.2724,38.7407],[-85.4359,38.7287],[-85.4567,38.6864],[-85.4195,38.5353],[-85.5057,38.4647],[-85.607,38.4386],[-85.68,38.2976],[-85.7435,38.2673],[-85.8291,38.2766],[-85.9062,38.1679],[-85.9257,38.0218],[-86.0304,37.9921],[-86.0389,37.959],[-86.0946,38.0088],[-86.1782,38.0106],[-86.2678,38.0571],[-86.2728,38.1408],[-86.3598,38.1988],[-86.3767,38.1697],[-86.3251,38.1363],[-86.4019,38.1043],[-86.4612,38.1209],[-86.4339,38.0657],[-86.5251,38.0287],[-86.5073,37.9295],[-86.5887,37.9211],[-86.5982,37.8672],[-86.6383,37.8427],[-86.6622,37.8528],[-86.6479,37.9094],[-86.7325,37.8948],[-86.8197,37.9994],[-87.0342,37.9063],[-87.0654,37.8076],[-87.1107,37.7824],[-87.1617,37.8398],[-87.412,37.9445],[-87.5106,37.9061],[-87.5978,37.9739],[-87.6273,37.9204],[-87.5839,37.8725],[-87.6442,37.8262],[-87.6794,37.8365],[-87.675,37.9016],[-87.8298,37.8764],[-87.9039,37.9255],[-87.941,37.8795],[-87.9074,37.8071],[-87.9518,37.7717],[-88.0298,37.7983],[-88.1592,37.6626],[-88.0678,37.4859],[-88.4753,37.3899],[-88.5159,37.2841],[-88.4247,37.1523],[-88.4599,37.0746],[-88.5665,37.0754],[-88.9315,37.2274],[-89.0001,37.2248],[-89.0867,37.1655],[-89.1825,37.0392],[-89.099,36.9582],[-89.1381,36.8473],[-89.1792,36.8299],[-89.1182,36.7623],[-89.2006,36.7326],[-89.1591,36.6664],[-89.2363,36.5669],[-89.3263,36.6318],[-89.3658,36.6251],[-89.4173,36.499],[-88.0533,36.4971],[-88.0326,36.5421],[-88.0705,36.6783],[-87.8495,36.6637],[-87.8533,36.6332],[-86.4934,36.6522],[-83.6908,36.5826],[-83.5301,36.666],[-83.1351,36.7426],[-83.0728,36.8545],[-82.8791,36.8893],[-82.8675,36.978],[-82.7479,37.0244],[-82.7214,37.1208],[-82.5654,37.1961]]],[[[-89.5712,36.5521],[-89.5392,36.4979],[-89.4854,36.4975],[-89.4659,36.53],[-89.4799,36.5691],[-89.5285,36.5816],[-89.5712,36.5521]]]]},"properties":{"GEOID":"21","STUSAB":"KY","NAME":"Kentucky"}},{"type":"Feature","geometry":{"type":"MultiPolygon","coordinates":[[[[-64.7683,18.2603],[-64.6643,18.2613],[-64.6404,18.364],[-64.8003,18.4076],[-64.865,18.3959],[-64.8999,18.4645],[-65.0918,18.4471],[-65.1536,18.2931],[-65.1173,18.2348],[-65.0502,18.2691],[-64.9465,18.2572],[-64.858,18.1796],[-64.7683,18.2603]]],[[[-64.9567,17.679],[-64.9159,17.6252],[-64.7564,17.6306],[-64.5487,17.703],[-64.5132,17.7604],[-64.6121,17.8435],[-64.6975,17.8088],[-64.7471,17.8352],[-64.8827,17.8203],[-64.9342,17.7847],[-64.9567,17.679]]]]},"properties":{"GEOID":"78","STUSAB":"VI","NAME":"United States Virgin Islands"}},{"type":"Feature","geometry":{"type":"Polygon","coordinates":[[[-77.7544,39.3335],[-77.7384,39.399],[-77.8032,39.4373],[-77.7663,39.4962],[-77.8454,39.4981],[-77.8247,39.5285],[-77.8612,39.5143],[-77.8887,39.5554],[-77.8361,39.5667],[-77.8334,39.6028],[-77.9409,39.6191],[-77.9461,39.5848],[-78.1765,39.696],[-78.2661,39.6191],[-78.4301,39.6234],[-78.3948,39.5852],[-78.4568,39.5876],[-78.417,39.5486],[-78.4611,39.5508],[-78.4719,39.5159],[-78.6896,39.5458],[-78.7671,39.5875],[-78.7332,39.6153],[-78.7776,39.622],[-78.7753,39.6457],[-78.8257,39.5892],[-78.8158,39.5629],[-78.8931,39.524],[-78.9566,39.4403],[-79.047,39.4833],[-79.1024,39.4764],[-79.1623,39.3881],[-79.4869,39.2059],[-79.4767,39.7211],[-80.5193,39.7214],[-80.519,40.6388],[-80.6265,40.6202],[-80.6678,40.5781],[-80.5954,40.4753],[-80.6327,40.3905],[-80.5999,40.3177],[-80.7382,40.0786],[-80.7561,39.9134],[-80.8068,39.9163],[-80.7908,39.8673],[-80.8691,39.7664],[-80.8298,39.7118],[-80.8804,39.6207],[-80.9735,39.5884],[-81.2173,39.3876],[-81.376,39.3417],[-81.4561,39.4093],[-81.5575,39.3388],[-81.5702,39.2677],[-81.6836,39.2709],[-81.6919,39.227],[-81.7562,39.1805],[-81.7461,39.097],[-81.8139,39.0797],[-81.7643,39.0153],[-81.7627,38.9241],[-81.8274,38.9459],[-81.903,38.8761],[-81.9332,38.9877],[-82.0377,39.0239],[-82.1432,38.8981],[-82.1455,38.8397],[-82.2216,38.7872],[-82.1773,38.6038],[-82.2913,38.579],[-82.3303,38.4445],[-82.541,38.4038],[-82.5935,38.4218],[-82.5746,38.2639],[-82.6122,38.2363],[-82.6116,38.1713],[-82.6445,38.1652],[-82.5192,38.0011],[-82.4646,37.9839],[-82.5024,37.9335],[-82.4199,37.8849],[-82.4015,37.8097],[-82.3115,37.7646],[-82.3342,37.7428],[-82.3043,37.6761],[-82.2145,37.6254],[-82.1751,37.6478],[-82.1332,37.5528],[-82.0462,37.5279],[-81.9701,37.5467],[-81.9265,37.5147],[-81.9956,37.4698],[-81.9356,37.4384],[-81.9285,37.3605],[-81.8499,37.2852],[-81.7571,37.2761],[-81.6782,37.2015],[-81.5547,37.208],[-81.4991,37.258],[-81.416,37.2736],[-81.3645,37.338],[-81.2251,37.2349],[-80.9442,37.2966],[-80.8495,37.3469],[-80.8832,37.3839],[-80.8595,37.4295],[-80.7701,37.3724],[-80.552,37.4736],[-80.5114,37.4817],[-80.4755,37.423],[-80.2998,37.5083],[-80.2824,37.5335],[-80.3304,37.5363],[-80.3285,37.5643],[-80.221,37.6278],[-80.2959,37.6928],[-80.1622,37.8751],[-79.9994,37.9949],[-79.9264,38.1065],[-79.9453,38.1322],[-79.9201,38.1825],[-79.7889,38.2687],[-79.8102,38.3067],[-79.7256,38.3638],[-79.6492,38.5914],[-79.5369,38.5509],[-79.4766,38.4572],[-79.2829,38.4181],[-79.2106,38.4929],[-79.1298,38.655],[-79.0928,38.6598],[-79.0855,38.7246],[-78.9998,38.8462],[-78.8693,38.763],[-78.786,38.8872],[-78.7171,38.936],[-78.7193,38.9052],[-78.6974,38.9144],[-78.6278,38.9818],[-78.6017,38.9646],[-78.5505,39.0181],[-78.5719,39.032],[-78.4037,39.1675],[-78.4387,39.1981],[-78.3393,39.3486],[-78.3669,39.3593],[-78.3471,39.466],[-77.8283,39.1324],[-77.7195,39.3213],[-77.7544,39.3335]]]},"properties":{"GEOID":"54","STUSAB":"WV","NAME":"West Virginia"}},{"type":"Feature","geometry":{"type":"MultiPolygon","coordinates":[[[[-80.1839,25.3482],[-80.0946,25.4757],[-80.1156,25.5267],[-80.0694,25.7574],[-79.9754,26.8003],[-80.0391,27.0299],[-80.3325,27.7612],[-80.4998,28.0772],[-80.544,28.2711],[-80.5194,28.3911],[-80.4686,28.4631],[-80.523,28.6082],[-80.9068,29.1447],[-81.1864,29.7601],[-81.3306,30.2995],[-81.3169,30.4077],[-81.3777,30.5445],[-81.347,30.7124],[-81.6099,30.7159],[-81.9496,30.8278],[-81.9736,30.7787],[-82.0229,30.7877],[-82.0456,30.7276],[-82.049,30.6553],[-82.0054,30.5637],[-82.0372,30.3718],[-82.1618,30.3571],[-82.2067,30.4068],[-82.2012,30.4851],[-82.2404,30.5378],[-82.2147,30.5686],[-84.8647,30.7115],[-84.9143,30.7536],[-84.9344,30.8836],[-85.0019,31.0007],[-87.5988,30.9975],[-87.6347,30.8656],[-87.53,30.741],[-87.4065,30.6751],[-87.3949,30.6143],[-87.4504,30.5145],[-87.3669,30.4405],[-87.5047,30.324],[-87.4501,30.3111],[-87.5184,30.2839],[-87.5184,30.1255],[-86.7135,30.2436],[-86.3064,30.2094],[-86.0055,30.1061],[-85.7098,29.9358],[-85.5896,29.8376],[-85.5427,29.6493],[-85.4482,29.5344],[-85.3545,29.5054],[-85.2597,29.5248],[-85.0603,29.4362],[-84.7105,29.5521],[-84.42,29.747],[-84.2592,29.7682],[-84.19,29.8304],[-84.1608,29.9213],[-84.0649,29.9401],[-83.7809,29.79],[-83.7058,29.6441],[-83.5821,29.5633],[-83.5388,29.4145],[-83.3572,29.2917],[-83.1983,28.995],[-83.0939,28.9474],[-82.9456,28.9637],[-82.9235,28.7671],[-82.8391,28.5746],[-82.8974,28.357],[-82.9742,28.3157],[-83.017,28.2464],[-82.9975,28.0128],[-83.0205,27.8783],[-82.9939,27.7777],[-82.9152,27.6841],[-82.9349,27.5837],[-82.9026,27.481],[-82.445,26.7646],[-82.4258,26.6381],[-82.3207,26.3967],[-82.1693,26.2885],[-82.0055,26.2844],[-81.9644,26.0536],[-81.8737,25.8341],[-81.7667,25.7003],[-81.6827,25.6728],[-81.5762,25.686],[-81.4254,25.5516],[-81.3252,25.3906],[-81.3423,25.2248],[-81.2951,25.0979],[-81.1705,24.9658],[-81.2576,24.9866],[-81.4885,24.9664],[-81.8943,24.7636],[-82.0269,24.7257],[-82.2007,24.7382],[-82.2824,24.6762],[-82.3265,24.5837],[-82.2154,24.5838],[-82.2142,24.5274],[-82.1695,24.4977],[-82.0672,24.5237],[-81.9744,24.4712],[-81.9745,24.4208],[-81.9206,24.3963],[-81.8007,24.4271],[-81.7924,24.4956],[-81.7498,24.4385],[-81.6972,24.4323],[-81.5399,24.486],[-81.5146,24.5648],[-81.3748,24.5715],[-81.1477,24.6491],[-81.0597,24.6359],[-80.7711,24.766],[-80.4629,24.9559],[-80.3333,25.0992],[-80.1839,25.3482]]],[[[-83.1087,24.6295],[-83.0826,24.5369],[-82.9999,24.477],[-82.9997,24.5839],[-82.8721,24.5622],[-82.6567,24.5837],[-82.6399,24.6549],[-82.7098,24.7731],[-82.8689,24.7981],[-83.0411,24.7409],[-83.1087,24.6295]]]]},"properties":{"GEOID":"12","STUSAB":"FL","NAME":"Florida"}},{"type":"Feature","geometry":{"type":"Polygon","coordinates":[[[-87.8924,38.2829],[-87.8689,38.3123],[-87.839,38.2823],[-87.8227,38.3469],[-87.7453,38.409],[-87.75,38.4714],[-87.6467,38.5078],[-87.6701,38.5452],[-87.612,38.5892],[-87.6201,38.6395],[-87.5312,38.684],[-87.4958,38.7407],[-87.5534,38.8624],[-87.5122,38.9544],[-87.5783,38.9888],[-87.5726,39.0573],[-87.6587,39.136],[-87.5746,39.2184],[-87.6206,39.307],[-87.5316,39.3479],[-87.5237,41.7599],[-87.2078,41.761],[-87.0199,42.4935],[-90.6428,42.5085],[-90.6464,42.4713],[-90.419,42.3285],[-90.4309,42.2782],[-90.3911,42.2255],[-90.164,42.1183],[-90.1536,41.9066],[-90.182,41.8071],[-90.3126,41.7399],[-90.3432,41.5878],[-90.4614,41.5235],[-90.591,41.5128],[-90.6558,41.4621],[-91.0476,41.4113],[-91.1137,41.2414],[-90.9466,41.0966],[-90.9626,40.9258],[-91.093,40.8211],[-91.1239,40.6692],[-91.3397,40.6135],[-91.4015,40.5595],[-91.3642,40.5],[-91.3729,40.3991],[-91.4463,40.3618],[-91.5065,40.2363],[-91.4949,40.0365],[-91.4194,39.9277],[-91.4355,39.8451],[-91.3624,39.7905],[-91.3694,39.7312],[-91.1819,39.6027],[-91.1536,39.5482],[-91.1003,39.5387],[-91.0383,39.4484],[-90.73,39.2559],[-90.6811,39.1006],[-90.7127,39.0497],[-90.6234,38.8871],[-90.5489,38.8729],[-90.4399,38.9674],[-90.1133,38.8493],[-90.1194,38.8018],[-90.2114,38.7214],[-90.1845,38.6116],[-90.3708,38.3336],[-90.3586,38.222],[-90.1105,38.0265],[-89.9968,37.9632],[-89.9246,37.9598],[-89.9747,37.9271],[-89.9478,37.8798],[-89.9024,37.8697],[-89.8426,37.9052],[-89.6696,37.7999],[-89.6634,37.7501],[-89.5165,37.6925],[-89.5177,37.6412],[-89.4759,37.593],[-89.5198,37.5827],[-89.5171,37.5373],[-89.4205,37.388],[-89.518,37.2842],[-89.4588,37.2487],[-89.4561,37.1881],[-89.3771,37.0908],[-89.3816,37.043],[-89.2921,36.9922],[-89.2576,37.0155],[-89.3077,37.0697],[-89.2549,37.072],[-89.1855,36.9735],[-89.1329,36.9821],[-89.1794,37.0218],[-89.1738,37.0663],[-89.0765,37.1747],[-88.9774,37.2294],[-88.8036,37.1882],[-88.5659,37.0752],[-88.4593,37.0752],[-88.4247,37.1523],[-88.5159,37.2841],[-88.4694,37.3974],[-88.0654,37.4888],[-88.1598,37.6606],[-88.028,37.7992],[-88.09,37.8168],[-88.0259,37.8327],[-88.0979,37.9015],[-88.0135,37.894],[-88.0695,37.9257],[-88.0341,37.9262],[-88.0129,37.9665],[-88.0079,38.0308],[-88.0421,38.0463],[-87.9567,38.0862],[-88.0159,38.0998],[-87.9109,38.1626],[-87.9775,38.1998],[-87.9881,38.2567],[-87.961,38.2368],[-87.9348,38.2951],[-87.8924,38.2829]]]},"properties":{"GEOID":"17","STUSAB":"IL","NAME":"Illinois"}},{"type":"Feature","geometry":{"type":"Polygon","coordinates":[[[-95.3199,48.9989],[-97.2381,48.9836],[-97.1778,48.8756],[-97.1903,48.8151],[-97.1581,48.8103],[-97.1816,48.7985],[-97.0903,48.6844],[-97.1754,48.562],[-97.1268,48.5202],[-97.1627,48.4778],[-97.1282,48.4744],[-97.1506,48.4408],[-97.1226,48.4179],[-97.1634,48.3929],[-97.1333,48.3822],[-97.1563,48.3656],[-97.1122,48.2965],[-97.145,48.2688],[-97.1207,48.2248],[-97.1522,48.2196],[-97.1178,48.2098],[-97.1393,48.2168],[-97.1475,48.1706],[-97.121,48.1596],[-97.1465,48.1422],[-97.0723,48.0481],[-97.0553,47.9475],[-96.9741,47.8235],[-96.9916,47.8082],[-96.9349,47.7672],[-96.851,47.5985],[-96.8718,47.419],[-96.8375,47.3895],[-96.8582,47.3675],[-96.8288,47.328],[-96.8448,47.1936],[-96.8216,47.1843],[-96.8412,47.1519],[-96.8127,47.0386],[-96.8395,47.0067],[-96.7915,46.9277],[-96.7527,46.9235],[-96.8028,46.8117],[-96.7755,46.7668],[-96.7982,46.6295],[-96.7473,46.582],[-96.7219,46.4398],[-96.5994,46.33],[-96.5927,46.1752],[-96.5544,46.0841],[-96.5812,45.823],[-96.6626,45.7387],[-96.8386,45.6475],[-96.8568,45.6054],[-96.6925,45.4173],[-96.5218,45.3756],[-96.4531,45.3008],[-96.4533,43.5004],[-91.2177,43.5006],[-91.269,43.6166],[-91.2441,43.7747],[-91.4323,43.9967],[-91.5921,44.0314],[-91.8752,44.2006],[-91.9186,44.3227],[-91.9668,44.364],[-92.2309,44.4445],[-92.3361,44.554],[-92.5489,44.5683],[-92.8082,44.7511],[-92.7506,44.9373],[-92.7621,45.0243],[-92.8031,45.0616],[-92.7396,45.1156],[-92.762,45.2882],[-92.7048,45.3265],[-92.6465,45.4403],[-92.7456,45.553],[-92.8837,45.5755],[-92.8692,45.7176],[-92.7846,45.7642],[-92.7077,45.8949],[-92.5252,45.9839],[-92.4698,45.9736],[-92.4286,46.0242],[-92.3518,46.0157],[-92.294,46.0744],[-92.2913,46.6681],[-92.2071,46.6519],[-92.1759,46.6865],[-92.2047,46.704],[-92.1166,46.7486],[-92.0203,46.704],[-90.6547,47.3098],[-89.9571,47.2911],[-89.4834,48.0137],[-89.581,47.9959],[-89.7754,48.0229],[-89.8955,47.9873],[-89.9938,48.0281],[-90.0233,48.0847],[-90.1408,48.1126],[-90.3743,48.0909],[-90.5567,48.0959],[-90.5797,48.1238],[-90.7516,48.091],[-90.7982,48.1369],[-90.7779,48.1638],[-90.8364,48.177],[-90.8393,48.2396],[-90.8858,48.246],[-91.2668,48.0788],[-91.5675,48.0438],[-91.5591,48.1086],[-91.7118,48.1146],[-91.7154,48.1995],[-91.9584,48.2331],[-92.0065,48.2654],[-92.0001,48.3211],[-92.0552,48.3594],[-92.2625,48.3549],[-92.3062,48.3162],[-92.2696,48.2482],[-92.3699,48.2203],[-92.4698,48.3521],[-92.4564,48.4141],[-92.5075,48.448],[-92.6562,48.4365],[-92.7127,48.463],[-92.6987,48.4948],[-92.627,48.5033],[-92.6349,48.5426],[-92.7284,48.5394],[-92.9548,48.6315],[-93.2547,48.6428],[-93.4655,48.5916],[-93.4674,48.5465],[-93.7934,48.5163],[-93.8444,48.6302],[-94.2242,48.6495],[-94.2912,48.7078],[-94.4524,48.6924],[-94.6454,48.744],[-94.6944,48.7894],[-94.6835,48.8841],[-94.8163,49.3214],[-94.9574,49.3702],[-95.0583,49.3533],[-95.1534,49.3845],[-95.1532,48.9989],[-95.3199,48.9989]]]},"properties":{"GEOID":"27","STUSAB":"MN","NAME":"Minnesota"}},{"type":"Feature","geometry":{"type":"Polygon","coordinates":[[[-75.756,39.2461],[-75.7886,39.7222],[-79.4767,39.7211],[-79.4732,39.2021],[-79.346,39.294],[-79.2904,39.2995],[-79.2563,39.3572],[-79.1623,39.3881],[-79.1024,39.4764],[-79.047,39.4833],[-78.9566,39.4403],[-78.8931,39.524],[-78.8158,39.5629],[-78.8257,39.5892],[-78.7664,39.6484],[-78.778,39.6223],[-78.7331,39.6147],[-78.7771,39.6039],[-78.7608,39.5827],[-78.5654,39.5193],[-78.4672,39.5172],[-78.4611,39.5508],[-78.417,39.5486],[-78.4568,39.5876],[-78.3948,39.5852],[-78.4301,39.6234],[-78.2661,39.6191],[-78.1765,39.696],[-77.9461,39.5848],[-77.9411,39.619],[-77.8374,39.6057],[-77.8361,39.5667],[-77.8887,39.5554],[-77.8612,39.5143],[-77.8247,39.5285],[-77.8454,39.4981],[-77.7663,39.4962],[-77.8033,39.438],[-77.7384,39.399],[-77.7592,39.3369],[-77.5671,39.3062],[-77.4595,39.2277],[-77.5277,39.1447],[-77.4615,39.0754],[-77.3047,39.0514],[-77.2466,39.025],[-77.2352,38.9761],[-77.1198,38.9343],[-77.0409,38.9958],[-76.9094,38.8929],[-77.0405,38.7904],[-77.0433,38.7184],[-77.1226,38.6853],[-77.1297,38.6347],[-77.2464,38.5934],[-77.3185,38.4744],[-77.2838,38.3429],[-77.1793,38.3419],[-77.0415,38.4007],[-77.0115,38.3744],[-77.0281,38.3053],[-76.9621,38.257],[-76.949,38.2084],[-76.8394,38.1636],[-76.6054,38.1489],[-76.5166,38.0268],[-76.2365,37.8866],[-76.052,37.9536],[-75.9437,37.9461],[-75.9527,37.9068],[-75.8012,37.9122],[-75.7046,37.9547],[-75.6477,37.947],[-75.6244,37.9942],[-75.1664,38.0278],[-75.0208,38.3098],[-74.9863,38.4516],[-75.6937,38.4601],[-75.756,39.2461]]]},"properties":{"GEOID":"24","STUSAB":"MD","NAME":"Maryland"}},{"type":"Feature","geometry":{"type":"MultiPolygon","coordinates":[[[[-71.2084,41.6906],[-71.3405,41.797],[-71.3388,41.8986],[-71.3815,41.8935],[-71.3814,42.0188],[-71.7992,42.0081],[-71.7977,41.4167],[-71.8424,41.4103],[-71.8294,41.3424],[-71.9073,41.3045],[-71.791,41.1841],[-71.7915,41.2722],[-71.5753,41.321],[-71.4948,41.3074],[-71.1193,41.4133],[-71.0886,41.4313],[-71.1211,41.4928],[-71.1326,41.6604],[-71.2084,41.6906]]],[[[-71.6788,41.1589],[-71.6189,41.0991],[-71.5175,41.1071],[-71.477,41.1557],[-71.4893,41.2352],[-71.536,41.2862],[-71.5916,41.2893],[-71.635,41.2637],[-71.6788,41.1589]]]]},"properties":{"GEOID":"44","STUSAB":"RI","NAME":"Rhode Island"}},{"type":"Feature","geometry":{"type":"Polygon","coordinates":[[[-116.3584,49.0005],[-117.0323,48.9992],[-117.0346,46.4178],[-117.0628,46.3536],[-116.9862,46.296],[-116.9654,46.2031],[-116.9223,46.1688],[-116.982,46.0848],[-116.8598,45.9073],[-116.7821,45.8251],[-116.7097,45.8257],[-116.6653,45.7821],[-116.5481,45.7524],[-116.5354,45.6917],[-116.4633,45.6109],[-116.6738,45.3215],[-116.7296,45.1421],[-116.8479,45.0226],[-116.858,44.9773],[-116.8263,44.9825],[-116.8524,44.8876],[-116.9347,44.7839],[-117.0623,44.7271],[-117.1492,44.5362],[-117.2251,44.4823],[-117.2151,44.4272],[-117.2429,44.3956],[-117.1898,44.3366],[-117.2227,44.2983],[-117.1981,44.2738],[-117.1042,44.2799],[-117.0514,44.2287],[-116.976,44.2429],[-116.9717,44.1973],[-116.8942,44.1623],[-116.9774,44.0854],[-116.9353,43.9886],[-116.976,43.9751],[-116.9615,43.9184],[-117.0326,43.8302],[-117.0262,42.0002],[-111.0467,42.0017],[-111.049,44.4741],[-111.2276,44.5767],[-111.2193,44.6225],[-111.3848,44.755],[-111.4143,44.7107],[-111.4888,44.7056],[-111.4725,44.6662],[-111.5163,44.644],[-111.5236,44.5922],[-111.468,44.539],[-111.7032,44.5601],[-111.8215,44.5089],[-111.8693,44.5666],[-112.1064,44.5206],[-112.2866,44.5686],[-112.3525,44.538],[-112.3865,44.4473],[-112.7179,44.5043],[-112.7808,44.4847],[-112.8399,44.4247],[-112.8122,44.3771],[-112.8543,44.3596],[-112.8896,44.4059],[-113.0045,44.4528],[-113.0268,44.4955],[-113.0065,44.5258],[-113.0883,44.5997],[-113.0507,44.6345],[-113.1315,44.7728],[-113.2469,44.823],[-113.3413,44.7847],[-113.3776,44.8352],[-113.4551,44.8654],[-113.4988,44.9422],[-113.4439,44.9594],[-113.452,45.0592],[-113.5222,45.0914],[-113.5112,45.1161],[-113.5699,45.1239],[-113.5921,45.1848],[-113.6919,45.2625],[-113.7387,45.3294],[-113.7335,45.3908],[-113.776,45.4085],[-113.766,45.5206],[-113.8348,45.5207],[-113.8064,45.6016],[-113.9047,45.622],[-113.9353,45.6943],[-114.0155,45.6959],[-114.0153,45.6528],[-114.0861,45.5915],[-114.1936,45.5364],[-114.2484,45.5458],[-114.2699,45.4846],[-114.33,45.4597],[-114.4257,45.5107],[-114.4561,45.5622],[-114.5649,45.5577],[-114.5379,45.6066],[-114.564,45.6376],[-114.5076,45.6575],[-114.4951,45.704],[-114.5665,45.7733],[-114.5096,45.8454],[-114.4097,45.8516],[-114.3879,45.8839],[-114.4314,45.936],[-114.4118,45.9779],[-114.48,45.9929],[-114.4803,46.0303],[-114.5075,46.0315],[-114.4605,46.0978],[-114.5274,46.1454],[-114.4441,46.1693],[-114.4707,46.266],[-114.4254,46.2879],[-114.4224,46.387],[-114.3684,46.4371],[-114.4032,46.4988],[-114.3426,46.5184],[-114.3216,46.649],[-114.3582,46.6711],[-114.4668,46.6318],[-114.6057,46.6359],[-114.6426,46.6729],[-114.6208,46.7073],[-114.6654,46.7392],[-114.7668,46.6969],[-114.7875,46.7828],[-114.8952,46.8016],[-114.9483,46.86],[-114.9251,46.9187],[-115.0488,46.97],[-115.1441,47.1019],[-115.3006,47.1883],[-115.3198,47.2567],[-115.4823,47.2814],[-115.5776,47.3674],[-115.7589,47.4234],[-115.6295,47.4796],[-115.6863,47.4849],[-115.6983,47.5314],[-115.7556,47.5479],[-115.6878,47.5953],[-115.7365,47.6538],[-115.7226,47.6951],[-115.8309,47.755],[-115.8523,47.8279],[-116.0491,47.9768],[-116.0491,49.0008],[-116.3584,49.0005]]]},"properties":{"GEOID":"16","STUSAB":"ID","NAME":"Idaho"}}]}